date,BTC,S&P 500,Gold (GLD)
2011-01-01,0.30000000,,
2011-01-02,0.29997000,,
2011-01-03,0.29500000,1271.86999512,138.00000000
2011-01-04,0.29895000,1270.19995117,134.75000000
2011-01-05,0.29891630,1276.56005859,134.36999512
2011-01-06,0.29800000,1273.84997559,133.83000183
2011-01-07,0.32000000,1271.50000000,133.58000183
2011-01-08,0.32290000,,
2011-01-09,0.32300000,,
2011-01-10,0.32659000,1269.75000000,134.11999512
2011-01-11,0.32659000,1274.47998047,134.91000366
2011-01-12,0.31879962,1285.95996094,135.46000671
2011-01-13,0.31760000,1283.76000977,134.05000305
2011-01-14,0.39999001,1293.23999023,132.69000244
2011-01-15,0.38600000,,
2011-01-16,0.38679000,,
2011-01-17,0.34950000,,
2011-01-18,0.31299000,1295.02001953,133.42999268
2011-01-19,0.31299000,1281.92004395,133.72000122
2011-01-20,0.39000000,1280.26000977,131.19999695
2011-01-21,0.41991000,1283.34997559,131.02999878
2011-01-22,0.44003553,,
2011-01-23,0.44240000,,
2011-01-24,0.41990000,1290.83996582,130.36000061
2011-01-25,0.41000000,1291.18005371,130.10000610
2011-01-26,0.41508513,1296.63000488,131.16000366
2011-01-27,0.42120000,1299.54003906,127.93000031
2011-01-28,0.44448404,1276.33996582,130.27999878
2011-01-29,0.43900000,,
2011-01-30,0.47714203,,
2011-01-31,0.52513687,1286.11999512,129.86999512
2011-02-01,0.70751012,1307.58996582,130.80000305
2011-02-02,0.72543482,1304.03002930,130.44999695
2011-02-03,0.69389837,1307.09997559,132.19999695
2011-02-04,0.81095897,1310.86999512,131.66000366
2011-02-05,0.91167148,,
2011-02-06,0.89800000,,
2011-02-07,0.88942137,1319.05004883,131.67999268
2011-02-08,0.91800000,1324.56994629,133.13999939
2011-02-09,1.01605025,1320.88000488,133.07000732
2011-02-10,0.97965296,1321.86999512,132.85000610
2011-02-11,1.05406945,1329.15002441,132.32000732
2011-02-12,1.07870328,,
2011-02-13,1.05000000,,
2011-02-14,1.07001262,1332.31994629,132.94999695
2011-02-15,1.05000000,1328.01000977,133.97000122
2011-02-16,1.03168763,1336.31994629,134.10000610
2011-02-17,1.03992320,1340.43005371,135.03999329
2011-02-18,0.89895591,1343.01000977,135.41000366
2011-02-19,0.94402812,,
2011-02-20,0.86500000,,
2011-02-21,0.83574743,,
2011-02-22,0.87704178,1315.43994141,136.28999329
2011-02-23,0.90000000,1307.40002441,137.50999451
2011-02-24,0.98909527,1306.09997559,136.47999573
2011-02-25,0.91465200,1319.88000488,137.38000488
2011-02-26,0.95800000,,
2011-02-27,0.89503311,,
2011-02-28,0.86022092,1327.21997070,137.66000366
2011-03-01,0.92109689,1306.32995605,140.02999878
2011-03-02,0.93990000,1308.43994141,139.91999817
2011-03-03,0.93907338,1330.96997070,138.08999634
2011-03-04,0.90110000,1321.15002441,139.35000610
2011-03-05,0.90784061,,
2011-03-06,0.88477097,,
2011-03-07,0.87758386,1310.13000488,139.72000122
2011-03-08,0.86607159,1321.81994629,139.36000061
2011-03-09,0.86000000,1320.02001953,139.41000366
2011-03-10,0.92067031,1295.10998535,137.77000427
2011-03-11,0.88000000,1304.28002930,138.22000122
2011-03-12,0.91781551,,
2011-03-13,0.89249000,,
2011-03-14,0.89392492,1296.39001465,138.86000061
2011-03-15,0.87224000,1281.86999512,136.27000427
2011-03-16,0.85121167,1256.88000488,136.24000549
2011-03-17,0.82542000,1273.71997070,136.97000122
2011-03-18,0.80195921,1279.20996094,138.36999512
2011-03-19,0.76500000,,
2011-03-20,0.74150000,,
2011-03-21,0.75897000,1298.38000488,139.13999939
2011-03-22,0.80913029,1293.77001953,139.05000305
2011-03-23,0.84971000,1297.54003906,140.33999634
2011-03-24,0.87237437,1309.66003418,139.22000122
2011-03-25,0.88377000,1313.80004883,139.25999451
2011-03-26,0.85520000,,
2011-03-27,0.82200000,,
2011-03-28,0.79474050,1310.18994141,138.53999329
2011-03-29,0.79250994,1319.43994141,138.21000671
2011-03-30,0.78970631,1328.26000977,138.66999817
2011-03-31,0.78461000,1325.82995605,139.86000061
2011-04-01,0.77411000,1332.41003418,139.19999695
2011-04-02,0.78199000,,
2011-04-03,0.77900000,,
2011-04-04,0.68000000,1332.86999512,139.83999634
2011-04-05,0.71569183,1332.63000488,142.05000305
2011-04-06,0.74000000,1335.54003906,142.38000488
2011-04-07,0.75380000,1333.51000977,142.50999451
2011-04-08,0.74999000,1328.17004395,143.66000366
2011-04-09,0.73406052,,
2011-04-10,0.73315682,,
2011-04-11,0.77011393,1324.45996094,142.63999939
2011-04-12,0.86138161,1314.16003418,141.61000061
2011-04-13,0.93032006,1314.41003418,141.89999390
2011-04-14,0.99862977,1314.52001953,143.80999756
2011-04-15,0.98367314,1319.68005371,145.05000305
2011-04-16,1.04663286,,
2011-04-17,1.09812210,,
2011-04-18,1.14943331,1305.14001465,145.92999268
2011-04-19,1.18516222,1312.61999512,145.92999268
2011-04-20,1.14212598,1330.35998535,146.50000000
2011-04-21,1.20733887,1337.38000488,146.74000549
2011-04-22,1.40450508,,
2011-04-23,1.82885230,,
2011-04-24,1.63198422,,
2011-04-25,1.56448364,1335.25000000,146.86999512
2011-04-26,1.77084089,1347.23999023,146.38000488
2011-04-27,1.90317596,1355.66003418,149.19999695
2011-04-28,2.28574447,1360.47998047,149.82000732
2011-04-29,2.85060509,1363.60998535,152.36999512
2011-04-30,3.50000000,,
2011-05-01,3.09422755,,
2011-05-02,3.20000000,1361.21997070,150.41000366
2011-05-03,3.36058570,1356.61999512,149.88000488
2011-05-04,3.40867305,1347.31994629,147.72999573
2011-05-05,3.34373668,1335.09997559,143.47000122
2011-05-06,3.45507558,1340.19995117,145.30000305
2011-05-07,3.64126298,,
2011-05-08,3.84866838,,
2011-05-09,3.80408958,1346.29003906,147.38000488
2011-05-10,5.65166700,1357.16003418,147.89999390
2011-05-11,5.43975104,1342.07995605,146.53999329
2011-05-12,6.33487869,1348.65002441,146.58999634
2011-05-13,8.13903487,1337.77001953,145.63000488
2011-05-14,7.00724383,,
2011-05-15,6.92492484,,
2011-05-16,7.88514075,1329.46997070,145.36999512
2011-05-17,7.25719954,1328.97998047,144.74000549
2011-05-18,6.76316336,1340.68005371,145.60000610
2011-05-19,6.89014363,1343.59997559,145.64999390
2011-05-20,5.61809622,1333.27001953,147.49000549
2011-05-21,6.08480067,,
2011-05-22,6.71195604,,
2011-05-23,7.06525678,1317.36999512,147.83000183
2011-05-24,7.40266058,1316.28002930,148.58999634
2011-05-25,8.56928964,1320.46997070,148.58000183
2011-05-26,8.78215543,1325.68994141,148.22000122
2011-05-27,8.52865847,1331.09997559,149.69999695
2011-05-28,8.34926912,,
2011-05-29,8.40095347,,
2011-05-30,8.77934246,,
2011-05-31,8.72157642,1345.19995117,149.63999939
2011-06-01,9.62377723,1314.55004883,149.91000366
2011-06-02,10.70276023,1312.93994141,149.50000000
2011-06-03,14.26464677,1300.16003418,150.22000122
2011-06-04,18.31273873,,
2011-06-05,16.54334240,,
2011-06-06,18.40209864,1286.17004395,150.47999573
2011-06-07,23.23787846,1284.93994141,150.41999817
2011-06-08,29.02992133,1279.56005859,149.80999756
2011-06-09,28.79054402,1289.00000000,150.55999756
2011-06-10,24.04939923,1270.97998047,149.24000549
2011-06-11,14.74974663,,
2011-06-12,18.85014473,,
2011-06-13,19.54232911,1271.82995605,147.77000427
2011-06-14,19.25773551,1287.86999512,148.66999817
2011-06-15,19.46414262,1265.42004395,149.11999512
2011-06-16,17.92936254,1267.64001465,148.97000122
2011-06-17,15.43636891,1271.50000000,149.94000244
2011-06-18,16.87540454,,
2011-06-19,17.51071679,,
2011-06-20,17.51071679,1278.35998535,150.02999878
2011-06-21,17.51071679,1295.52001953,150.75999451
2011-06-22,17.51071679,1287.14001465,150.99000549
2011-06-23,17.51071679,1283.50000000,148.33999634
2011-06-24,17.51071679,1268.44995117,146.25999451
2011-06-25,17.51071679,,
2011-06-26,16.36134202,,
2011-06-27,16.75228581,1280.09997559,145.72999573
2011-06-28,16.96183531,1296.67004395,146.24000549
2011-06-29,16.85456832,1307.41003418,147.17999268
2011-06-30,16.18526278,1320.64001465,146.00000000
2011-07-01,15.42035740,1339.67004395,144.92999268
2011-07-02,15.38284407,,
2011-07-03,15.45755056,,
2011-07-04,13.85279681,,
2011-07-05,12.96481771,1337.88000488,147.63000488
2011-07-06,14.71478358,1339.21997070,148.91000366
2011-07-07,14.79728916,1353.21997070,149.14999390
2011-07-08,14.29903770,1343.80004883,150.25000000
2011-07-09,14.38150067,,
2011-07-10,14.62293755,,
2011-07-11,14.31015543,1319.48999023,151.58999634
2011-07-12,14.02127262,1313.64001465,152.77000427
2011-07-13,13.97145452,1317.71997070,154.13999939
2011-07-14,13.99797455,1308.86999512,154.53999329
2011-07-15,13.80639041,1316.14001465,155.19999695
2011-07-16,13.71307930,,
2011-07-17,13.25813531,,
2011-07-18,13.63052125,1305.43994141,156.57000732
2011-07-19,13.82479484,1326.72998047,154.66000366
2011-07-20,13.67833059,1325.83996582,156.02000427
2011-07-21,13.61180844,1343.80004883,154.83000183
2011-07-22,13.69854733,1345.02001953,156.11999512
2011-07-23,13.68171834,,
2011-07-24,13.99251518,,
2011-07-25,14.03342538,1337.43005371,157.33999634
2011-07-26,13.87803232,1331.93994141,157.77000427
2011-07-27,13.87822476,1304.89001465,157.19000244
2011-07-28,13.49159108,1300.67004395,157.32000732
2011-07-29,13.51231639,1292.28002930,158.28999329
2011-07-30,13.54028067,,
2011-07-31,13.37290610,,
2011-08-01,13.01911385,1286.93994141,157.72000122
2011-08-02,12.21415644,1254.05004883,161.52000427
2011-08-03,9.28635691,1260.33996582,161.49000549
2011-08-04,10.76850375,1200.06994629,160.63999939
2011-08-05,9.73015396,1199.38000488,161.75000000
2011-08-06,6.96416974,,
2011-08-07,8.50179329,,
2011-08-08,7.77533764,1119.45996094,167.11999512
2011-08-09,9.80249948,1172.53002930,168.61000061
2011-08-10,10.05125313,1120.76000977,174.58000183
2011-08-11,9.43841299,1172.64001465,170.75000000
2011-08-12,9.45299329,1178.81005859,169.97000122
2011-08-13,10.00402474,,
2011-08-14,10.80682077,,
2011-08-15,11.13069655,1204.48999023,171.80000305
2011-08-16,10.99196557,1192.76000977,173.91999817
2011-08-17,10.96396406,1193.89001465,174.41999817
2011-08-18,10.85847146,1140.65002441,177.72000122
2011-08-19,11.67047304,1123.53002930,179.94999695
2011-08-20,11.45973174,,
2011-08-21,11.35448134,,
2011-08-22,10.92089582,1123.81994629,184.58999634
2011-08-23,10.91724505,1162.34997559,177.66999817
2011-08-24,10.87044429,1177.59997559,171.64999390
2011-08-25,9.54609367,1159.27001953,172.36000061
2011-08-26,8.12692016,1176.80004883,177.47000122
2011-08-27,8.59649761,,
2011-08-28,9.03086640,,
2011-08-29,8.96115727,1210.07995605,173.88999939
2011-08-30,8.80994874,1212.92004395,179.10000610
2011-08-31,8.19915176,1218.89001465,177.72000122
2011-09-01,8.23428167,1204.42004395,177.86999512
2011-09-02,8.62142444,1173.96997070,183.24000549
2011-09-03,8.44965344,,
2011-09-04,8.20347060,,
2011-09-05,7.59733253,,
2011-09-06,6.84653003,1165.23999023,182.89999390
2011-09-07,7.16297027,1198.61999512,177.08000183
2011-09-08,6.67818000,1185.90002441,181.80999756
2011-09-09,4.98677704,1154.22998047,180.69999695
2011-09-10,4.74284666,,
2011-09-11,5.85290397,,
2011-09-12,6.09062947,1162.27001953,176.66999817
2011-09-13,5.80252328,1172.86999512,178.53999329
2011-09-14,5.59743261,1188.68005371,177.21000671
2011-09-15,4.86775518,1209.10998535,174.39999390
2011-09-16,4.83116810,1216.01000977,176.02999878
2011-09-17,4.77528564,,
2011-09-18,5.23673228,,
2011-09-19,5.52037669,1204.08996582,173.30999756
2011-09-20,6.14666555,1202.08996582,175.77999878
2011-09-21,5.59706750,1166.76000977,173.58999634
2011-09-22,5.47504878,1129.56005859,169.05000305
2011-09-23,5.56342142,1136.43005371,159.80000305
2011-09-24,5.45788969,,
2011-09-25,5.34115488,,
2011-09-26,4.87382608,1162.94995117,157.58000183
2011-09-27,4.91115779,1175.38000488,160.63000488
2011-09-28,4.76341532,1151.06005859,156.22000122
2011-09-29,4.77766098,1160.40002441,157.69999695
2011-09-30,5.14368591,1131.42004395,158.05999756
2011-10-01,5.03407054,,
2011-10-02,5.00706260,,
2011-10-03,5.02284486,1099.22998047,160.96000671
2011-10-04,4.95680562,1123.94995117,157.63999939
2011-10-05,4.88506713,1144.03002930,159.46000671
2011-10-06,4.73016630,1164.96997070,160.49000549
2011-10-07,4.27603576,1155.45996094,159.17999268
2011-10-08,3.98125299,,
2011-10-09,4.11163464,,
2011-10-10,4.07496248,1194.89001465,163.27000427
2011-10-11,4.00892450,1195.54003906,162.10000610
2011-10-12,4.16623534,1207.25000000,163.25999451
2011-10-13,4.03698109,1203.66003418,162.30000305
2011-10-14,3.98628089,1224.57995605,163.39999390
2011-10-15,3.83733856,,
2011-10-16,3.60974172,,
2011-10-17,2.58124672,1200.85998535,162.61999512
2011-10-18,2.42227474,1225.38000488,161.83999634
2011-10-19,2.21725471,1209.88000488,159.86999512
2011-10-20,2.35612351,1215.39001465,157.77000427
2011-10-21,2.57009231,1238.25000000,159.52000427
2011-10-22,3.15548614,,
2011-10-23,3.14775093,,
2011-10-24,2.52293600,1254.18994141,161.02000427
2011-10-25,2.80192383,1229.05004883,165.58999634
2011-10-26,2.77750524,1242.00000000,167.39999390
2011-10-27,3.04540783,1284.58996582,169.55000305
2011-10-28,3.17963944,1285.08996582,169.61999512
2011-10-29,3.56918897,,
2011-10-30,3.25740372,,
2011-10-31,3.26509821,1253.30004883,167.33999634
2011-11-01,3.17100774,1218.28002930,167.38000488
2011-11-02,3.25580057,1237.90002441,169.05999756
2011-11-03,3.16831639,1261.15002441,171.72000122
2011-11-04,3.12011817,1253.22998047,170.85000610
2011-11-05,2.97781760,,
2011-11-06,2.96272058,,
2011-11-07,3.01775769,1261.11999512,174.97999573
2011-11-08,3.05656711,1275.92004395,173.52999878
2011-11-09,2.91956722,1229.09997559,172.07000732
2011-11-10,2.85670209,1239.69995117,171.13999939
2011-11-11,3.06786173,1263.84997559,173.96000671
2011-11-12,3.02552300,,
2011-11-13,2.98637330,,
2011-11-14,2.22422446,1251.78002930,173.19999695
2011-11-15,2.32238412,1257.81005859,173.36000061
2011-11-16,2.54678093,1236.91003418,171.50999451
2011-11-17,2.27909584,1216.13000488,167.10000610
2011-11-18,2.10506600,1215.65002441,167.61999512
2011-11-19,2.20345672,,
2011-11-20,2.20198951,,
2011-11-21,2.27987917,1192.97998047,163.50000000
2011-11-22,2.32245860,1188.04003906,165.30999756
2011-11-23,2.33032357,1161.79003906,164.83000183
2011-11-24,2.43887900,,
2011-11-25,2.49616100,1158.67004395,163.39999390
2011-11-26,2.47179997,,
2011-11-27,2.47756495,,
2011-11-28,2.54124025,1192.55004883,166.63000488
2011-11-29,2.75769848,1195.18994141,166.88000488
2011-11-30,2.96604155,1246.95996094,170.13000488
2011-12-01,3.08258945,1244.57995605,169.63000488
2011-12-02,3.10040233,1244.28002930,169.82000732
2011-12-03,2.80385619,,
2011-12-04,2.81969398,,
2011-12-05,2.87479623,1257.07995605,167.32000732
2011-12-06,3.02536045,1258.46997070,168.17999268
2011-12-07,2.98550242,1261.01000977,169.39999390
2011-12-08,2.99188048,1234.34997559,165.97999573
2011-12-09,2.95579195,1255.18994141,166.39999390
2011-12-10,3.06897527,,
2011-12-11,3.24926885,,
2011-12-12,3.18733536,1236.46997070,161.99000549
2011-12-13,3.24108841,1225.72998047,158.44999695
2011-12-14,3.15508650,1211.81994629,152.88999939
2011-12-15,3.20313854,1215.75000000,152.33000183
2011-12-16,3.20913778,1219.66003418,155.22999573
2011-12-17,3.19254170,,
2011-12-18,3.19401081,,
2011-12-19,3.52577392,1205.34997559,154.86999512
2011-12-20,3.95255083,1241.30004883,156.97999573
2011-12-21,3.88899325,1243.71997070,157.16000366
2011-12-22,3.90306042,1254.00000000,156.03999329
2011-12-23,3.93796508,1265.32995605,156.30999756
2011-12-24,3.93941912,,
2011-12-25,4.23386688,,
2011-12-26,3.99912196,,
2011-12-27,4.09551855,1265.43005371,154.91000366
2011-12-28,4.20729588,1249.64001465,151.02999878
2011-12-29,4.17335223,1263.02001953,150.33999634
2011-12-30,4.31063509,1257.59997559,151.99000549
2011-12-31,4.71430633,,
2012-01-01,5.29484278,,
2012-01-02,5.20487789,,
2012-01-03,4.87050883,1277.06005859,155.91999817
2012-01-04,5.58570627,1277.30004883,156.71000671
2012-01-05,6.87400088,1281.06005859,157.77999878
2012-01-06,6.68331664,1277.81005859,157.19999695
2012-01-07,6.79622798,,
2012-01-08,7.09665057,,
2012-01-09,6.28853834,1280.69995117,156.50000000
2012-01-10,6.52847456,1292.07995605,158.63999939
2012-01-11,6.88912772,1292.47998047,159.66999817
2012-01-12,6.77356420,1295.50000000,160.38000488
2012-01-13,6.45436889,1289.08996582,159.25999451
2012-01-14,6.76172714,,
2012-01-15,7.04692256,,
2012-01-16,6.71560767,,
2012-01-17,5.59962195,1293.67004395,160.50000000
2012-01-18,5.90023129,1308.04003906,161.60000610
2012-01-19,6.31570634,1314.50000000,161.22000122
2012-01-20,6.50149199,1315.38000488,162.07000732
2012-01-21,6.18056833,,
2012-01-22,6.30296723,,
2012-01-23,6.37487608,1316.00000000,163.16000366
2012-01-24,6.27447648,1314.65002441,162.00999451
2012-01-25,5.81046507,1326.06005859,166.41999817
2012-01-26,5.36722695,1318.43005371,167.27000427
2012-01-27,5.30313720,1316.32995605,168.97000122
2012-01-28,5.65979677,,
2012-01-29,5.39142946,,
2012-01-30,5.50348194,1313.01000977,168.02999878
2012-01-31,5.53822030,1312.41003418,169.30999756
2012-02-01,6.07523265,1324.08996582,169.55999756
2012-02-02,6.09957291,1325.54003906,171.05000305
2012-02-03,5.95161093,1344.90002441,167.63999939
2012-02-04,5.89541324,,
2012-02-05,5.67811572,,
2012-02-06,5.48266406,1344.32995605,167.17999268
2012-02-07,5.66202770,1347.05004883,169.69999695
2012-02-08,5.61852819,1349.95996094,168.50000000
2012-02-09,5.83569985,1351.94995117,168.02000427
2012-02-10,5.93783416,1342.64001465,167.13999939
2012-02-11,5.61213285,,
2012-02-12,5.51909717,,
2012-02-13,5.34835456,1351.77001953,167.50999451
2012-02-14,4.48365409,1350.50000000,167.11999512
2012-02-15,4.32552032,1343.22998047,168.11000061
2012-02-16,4.25523905,1358.04003906,168.00000000
2012-02-17,4.39153837,1361.22998047,167.35000610
2012-02-18,4.27008128,,
2012-02-19,4.38955146,,
2012-02-20,4.36513594,,
2012-02-21,4.31511560,1362.20996094,171.02000427
2012-02-22,4.41931029,1357.66003418,172.94000244
2012-02-23,5.03951512,1363.45996094,173.02000427
2012-02-24,5.02560876,1365.73999023,172.22999573
2012-02-25,4.77256738,,
2012-02-26,4.92642085,,
2012-02-27,4.95251576,1367.58996582,171.69999695
2012-02-28,4.85725778,1372.18005371,173.49000549
2012-02-29,4.87274876,1365.68005371,164.28999329
2012-03-01,4.92207212,1374.08996582,166.61000061
2012-03-02,4.71482359,1369.63000488,166.33999634
2012-03-03,4.62819325,,
2012-03-04,4.83414448,,
2012-03-05,4.98239290,1364.32995605,165.64999390
2012-03-06,4.98784135,1343.35998535,162.69999695
2012-03-07,4.94911288,1352.63000488,163.63000488
2012-03-08,4.93497950,1365.91003418,165.27999878
2012-03-09,4.87229785,1370.86999512,166.38000488
2012-03-10,4.84142380,,
2012-03-11,4.89202875,,
2012-03-12,4.91083938,1371.08996582,165.07000732
2012-03-13,5.29088028,1395.94995117,162.30000305
2012-03-14,5.39054329,1394.28002930,159.57000732
2012-03-15,5.34082090,1402.59997559,161.08000183
2012-03-16,5.33957479,1404.17004395,161.30000305
2012-03-17,5.23600355,,
2012-03-18,5.27014899,,
2012-03-19,4.67867255,1409.75000000,161.58999634
2012-03-20,4.83083022,1405.52001953,160.13000488
2012-03-21,4.81722952,1402.89001465,160.21000671
2012-03-22,4.72960850,1392.78002930,159.57000732
2012-03-23,4.69164318,1397.10998535,161.52999878
2012-03-24,4.65198627,,
2012-03-25,4.55227026,,
2012-03-26,4.63272236,1416.51000977,164.39999390
2012-03-27,4.81134074,1412.52001953,163.24000549
2012-03-28,4.79058939,1405.54003906,161.50999451
2012-03-29,4.79406657,1403.28002930,161.27999878
2012-03-30,4.86140936,1408.46997070,162.11999512
2012-03-31,4.88977687,,
2012-04-01,4.79332568,,
2012-04-02,4.98304548,1419.04003906,162.94000244
2012-04-03,4.95623319,1413.38000488,159.88999939
2012-04-04,4.91784218,1398.95996094,157.21000671
2012-04-05,4.92084924,1398.07995605,158.30999756
2012-04-06,4.94910743,,
2012-04-07,4.70971191,,
2012-04-08,4.77881885,,
2012-04-09,4.85254738,1382.19995117,159.36999512
2012-04-10,4.84141759,1358.58996582,161.10000610
2012-04-11,4.91525072,1368.70996094,161.07000732
2012-04-12,4.90115815,1387.56994629,162.69999695
2012-04-13,4.93440673,1370.26000977,160.85000610
2012-04-14,4.95636466,,
2012-04-15,4.96160034,,
2012-04-16,4.95076457,1369.56994629,160.46000671
2012-04-17,4.96874451,1390.78002930,160.25000000
2012-04-18,5.12437744,1385.14001465,159.30999756
2012-04-19,5.13090651,1376.92004395,159.42999268
2012-04-20,5.36651597,1378.53002930,159.53999329
2012-04-21,5.28255034,,
2012-04-22,5.19560899,,
2012-04-23,5.11088819,1366.93994141,159.07000732
2012-04-24,5.08786726,1371.96997070,159.30000305
2012-04-25,5.14881625,1390.68994141,159.61999512
2012-04-26,5.09741929,1399.97998047,161.02999878
2012-04-27,5.09588734,1403.35998535,161.38000488
2012-04-28,4.97073665,,
2012-04-29,4.90260618,,
2012-04-30,4.94211681,1397.91003418,161.88000488
2012-05-01,4.98713723,1405.81994629,161.32000732
2012-05-02,5.05343735,1402.31005859,160.58999634
2012-05-03,5.11887298,1391.56994629,158.97000122
2012-05-04,5.08550709,1369.09997559,159.47000122
2012-05-05,5.05663956,,
2012-05-06,5.04780077,,
2012-05-07,5.06755587,1369.57995605,159.08000183
2012-05-08,5.02346642,1363.71997070,156.00000000
2012-05-09,5.04130624,1354.57995605,154.47000122
2012-05-10,4.92748872,1357.98999023,154.77000427
2012-05-11,4.96370998,1353.39001465,153.55999756
2012-05-12,4.94653223,,
2012-05-13,4.94479505,,
2012-05-14,5.01143592,1338.34997559,151.33000183
2012-05-15,5.03364040,1330.66003418,149.74000549
2012-05-16,5.08778451,1324.80004883,149.46000671
2012-05-17,5.08966169,1304.85998535,152.80000305
2012-05-18,5.11830148,1295.21997070,154.55000305
2012-05-19,5.11254581,,
2012-05-20,5.09420097,,
2012-05-21,5.09422131,1315.98999023,154.64999390
2012-05-22,5.08913919,1316.63000488,152.08000183
2012-05-23,5.12885890,1318.85998535,151.61999512
2012-05-24,5.11915776,1320.68005371,151.41000366
2012-05-25,5.13727681,1317.81994629,152.67999268
2012-05-26,5.10397880,,
2012-05-27,5.13461614,,
2012-05-28,5.13632542,,
2012-05-29,5.14847070,1332.42004395,151.02000427
2012-05-30,5.13826457,1313.31994629,151.91000366
2012-05-31,5.18163972,1310.32995605,151.61999512
2012-06-01,5.26694376,1278.04003906,157.50000000
2012-06-02,5.24363906,,
2012-06-03,5.21270498,,
2012-06-04,5.25876586,1278.18005371,157.32000732
2012-06-05,5.42601429,1285.50000000,157.13999939
2012-06-06,5.44616942,1315.13000488,157.21000671
2012-06-07,5.58716981,1314.98999023,154.50000000
2012-06-08,5.62252910,1325.66003418,154.72999573
2012-06-09,5.55700234,,
2012-06-10,5.45789357,,
2012-06-11,5.58699698,1308.93005371,155.36000061
2012-06-12,5.72749130,1324.18005371,156.46000671
2012-06-13,5.90930132,1314.88000488,157.11999512
2012-06-14,5.96202318,1329.09997559,157.75000000
2012-06-15,6.52338072,1342.83996582,157.83999634
2012-06-16,6.44415828,,
2012-06-17,6.19996649,,
2012-06-18,6.31084467,1344.78002930,157.92999268
2012-06-19,6.49482672,1357.97998047,157.16000366
2012-06-20,6.69355106,1355.68994141,155.97000122
2012-06-21,6.67226250,1325.51000977,152.02000427
2012-06-22,6.56376170,1335.02001953,152.63999939
2012-06-23,6.44754169,,
2012-06-24,6.35049404,,
2012-06-25,6.31747363,1313.71997070,153.75999451
2012-06-26,6.43286083,1319.98999023,152.61999512
2012-06-27,6.61571340,1331.84997559,152.83000183
2012-06-28,6.59006463,1329.04003906,151.05000305
2012-06-29,6.65877676,1362.16003418,155.19000244
2012-06-30,6.68042762,,
2012-07-01,6.62686009,,
2012-07-02,6.74347805,1365.51000977,155.08999634
2012-07-03,6.44999240,1374.02001953,157.46000671
2012-07-04,6.51483533,,
2012-07-05,6.64239860,1367.57995605,155.67999268
2012-07-06,6.67218119,1354.68005371,153.71000671
2012-07-07,6.80827371,,
2012-07-08,6.79631769,,
2012-07-09,7.03239589,1352.45996094,154.03999329
2012-07-10,7.17858004,1341.46997070,152.14999390
2012-07-11,7.18514779,1341.44995117,152.99000549
2012-07-12,7.55593565,1334.76000977,152.58999634
2012-07-13,7.63092126,1356.78002930,154.13999939
2012-07-14,7.58012918,,
2012-07-15,7.62723486,,
2012-07-16,8.49340568,1353.64001465,154.21000671
2012-07-17,8.75198486,1363.67004395,153.47000122
2012-07-18,9.09519269,1372.78002930,153.05000305
2012-07-19,8.87953341,1376.51000977,153.38000488
2012-07-20,8.53245068,1362.66003418,153.66999817
2012-07-21,8.87564584,,
2012-07-22,8.50656254,,
2012-07-23,8.53121127,1350.52001953,153.02999878
2012-07-24,8.57458517,1338.31005859,153.52000427
2012-07-25,8.76934727,1337.89001465,155.66999817
2012-07-26,8.87576505,1360.02001953,156.77000427
2012-07-27,8.89145989,1385.96997070,157.53999329
2012-07-28,8.84256089,,
2012-07-29,8.74768066,,
2012-07-30,9.08831725,1385.30004883,157.42999268
2012-07-31,9.32099840,1379.31994629,156.49000549
2012-08-01,9.56802090,1375.31994629,155.13999939
2012-08-02,10.55103970,1365.00000000,154.13000488
2012-08-03,10.91586475,1390.98999023,155.55000305
2012-08-04,10.91971488,,
2012-08-05,10.80511738,,
2012-08-06,10.86944650,1394.22998047,156.30000305
2012-08-07,10.94127944,1401.34997559,156.27999878
2012-08-08,11.07039160,1402.21997070,156.47999573
2012-08-09,11.10372474,1402.80004883,156.99000549
2012-08-10,11.44756880,1405.86999512,157.17999268
2012-08-11,11.54253553,,
2012-08-12,11.59255239,,
2012-08-13,11.98496299,1404.10998535,155.99000549
2012-08-14,12.18709748,1403.93005371,155.13000488
2012-08-15,13.17007735,1405.53002930,155.63000488
2012-08-16,13.45079082,1415.51000977,156.55999756
2012-08-17,12.07700554,1418.16003418,156.72000122
2012-08-18,11.57750716,,
2012-08-19,7.83062184,,
2012-08-20,9.97987665,1418.13000488,157.25999451
2012-08-21,9.90298202,1413.17004395,158.83000183
2012-08-22,9.77255458,1413.48999023,160.53999329
2012-08-23,10.08865743,1402.07995605,161.88999939
2012-08-24,10.59404259,1411.13000488,161.97000122
2012-08-25,10.58367667,,
2012-08-26,10.54553074,,
2012-08-27,10.90038008,1410.43994141,161.36000061
2012-08-28,10.93295853,1409.30004883,161.63999939
2012-08-29,10.86778390,1410.48999023,160.58999634
2012-08-30,10.72774884,1399.47998047,160.52000427
2012-08-31,10.10240982,1406.57995605,164.22000122
2012-09-01,10.00653294,,
2012-09-02,10.22611620,,
2012-09-03,10.49713431,,
2012-09-04,10.36400189,1404.93994141,164.47999573
2012-09-05,11.02552288,1403.43994141,164.30999756
2012-09-06,11.16076902,1432.11999512,164.88999939
2012-09-07,11.07612234,1437.92004395,168.44000244
2012-09-08,11.04327003,,
2012-09-09,11.06209549,,
2012-09-10,11.12528880,1429.07995605,167.28999329
2012-09-11,11.26809296,1433.56005859,167.89999390
2012-09-12,11.31528591,1436.56005859,167.91999817
2012-09-13,11.38029929,1459.98999023,171.30999756
2012-09-14,11.73010762,1465.77001953,171.80000305
2012-09-15,11.71839342,,
2012-09-16,11.88691122,,
2012-09-17,11.90831716,1461.18994141,170.39999390
2012-09-18,12.25965084,1459.31994629,171.72000122
2012-09-19,12.50485410,1461.05004883,171.74000549
2012-09-20,12.36717665,1460.26000977,171.47000122
2012-09-21,12.33365784,1460.15002441,171.96000671
2012-09-22,12.21372763,,
2012-09-23,12.16546303,,
2012-09-24,12.11358872,1456.89001465,171.05000305
2012-09-25,12.18240539,1441.58996582,170.77000427
2012-09-26,12.31981686,1433.31994629,169.80999756
2012-09-27,12.31875140,1447.15002441,172.33999634
2012-09-28,12.38145739,1440.67004395,171.88999939
2012-09-29,12.40475151,,
2012-09-30,12.39162247,,
2012-10-01,12.38939516,1444.48999023,172.28999329
2012-10-02,12.80723810,1445.75000000,172.10000610
2012-10-03,12.95543049,1450.98999023,172.41000366
2012-10-04,12.86238578,1461.40002441,173.61000061
2012-10-05,12.75221942,1460.93005371,172.61999512
2012-10-06,12.50512971,,
2012-10-07,11.87399709,,
2012-10-08,11.73332975,1455.88000488,172.05000305
2012-10-09,11.82866344,1441.47998047,170.99000549
2012-10-10,12.10918848,1432.56005859,170.83999634
2012-10-11,12.06755181,1432.83996582,171.32000732
2012-10-12,12.02806816,1428.58996582,170.05999756
2012-10-13,11.92680383,,
2012-10-14,11.65057796,,
2012-10-15,11.90830953,1440.13000488,168.35000610
2012-10-16,11.84801807,1454.92004395,169.41999817
2012-10-17,11.91938816,1460.91003418,169.53999329
2012-10-18,11.92593284,1457.33996582,168.78999329
2012-10-19,11.75748580,1433.18994141,166.97000122
2012-10-20,11.69437755,,
2012-10-21,11.65741141,,
2012-10-22,11.74107791,1433.81994629,167.58000183
2012-10-23,11.70778173,1413.10998535,165.42999268
2012-10-24,11.63435239,1408.75000000,164.86000061
2012-10-25,10.75362982,1412.96997070,166.02000427
2012-10-26,10.13061949,1411.93994141,165.92999268
2012-10-27,10.45818630,,
2012-10-28,10.70996208,,
2012-10-29,10.63073898,,
2012-10-30,10.85932306,,
2012-10-31,11.14607184,1412.16003418,166.83000183
2012-11-01,10.61353575,1427.58996582,166.07000732
2012-11-02,10.53050364,1414.19995117,162.60000610
2012-11-03,10.65074702,,
2012-11-04,10.79688289,,
2012-11-05,10.74082074,1417.26000977,163.22999573
2012-11-06,10.86819750,1428.39001465,166.30000305
2012-11-07,10.95409894,1394.53002930,166.49000549
2012-11-08,10.89269937,1377.51000977,167.99000549
2012-11-09,10.81586722,1379.84997559,167.82000732
2012-11-10,10.86326044,,
2012-11-11,10.84184064,,
2012-11-12,11.03134246,1380.03002930,167.44999695
2012-11-13,10.99800278,1374.53002930,167.10000610
2012-11-14,10.95895242,1355.48999023,167.13999939
2012-11-15,11.17510986,1353.32995605,166.08999634
2012-11-16,11.70504483,1359.88000488,165.88000488
2012-11-17,11.75004240,,
2012-11-18,11.66563103,,
2012-11-19,11.75052935,1386.89001465,167.86999512
2012-11-20,11.69917032,1387.81005859,167.38999939
2012-11-21,11.72913518,1391.03002930,167.55999756
2012-11-22,12.29199795,,
2012-11-23,12.28028762,1409.15002441,169.61000061
2012-11-24,12.41320440,,
2012-11-25,12.52968949,,
2012-11-26,12.18462624,1406.29003906,169.42999268
2012-11-27,12.15927538,1398.93994141,168.71000671
2012-11-28,12.33165983,1409.93005371,166.55000305
2012-11-29,12.49766165,1415.94995117,167.17999268
2012-11-30,12.58613893,1416.18005371,166.05000305
2012-12-01,12.59238687,,
2012-12-02,12.49794476,,
2012-12-03,12.65695784,1409.45996094,166.13000488
2012-12-04,13.36958958,1407.05004883,164.41999817
2012-12-05,13.31275022,1409.28002930,164.11999512
2012-12-06,13.47792454,1413.93994141,164.50000000
2012-12-07,13.47728245,1418.06994629,165.16000366
2012-12-08,13.49998441,,
2012-12-09,13.34651089,,
2012-12-10,13.49225658,1418.55004883,165.80000305
2012-12-11,13.61541567,1427.83996582,165.64999390
2012-12-12,13.66821364,1428.47998047,165.77000427
2012-12-13,13.75525152,1419.44995117,164.36999512
2012-12-14,13.60092225,1413.57995605,164.13000488
2012-12-15,13.53094829,,
2012-12-16,13.33286108,,
2012-12-17,13.32007195,1430.35998535,164.44000244
2012-12-18,13.27203387,1446.79003906,162.08000183
2012-12-19,13.53854318,1435.81005859,161.69000244
2012-12-20,13.57002703,1443.68994141,159.72999573
2012-12-21,13.42896800,1430.15002441,160.33000183
2012-12-22,13.42721391,,
2012-12-23,13.31810576,,
2012-12-24,13.42666267,1426.66003418,160.61999512
2012-12-25,13.36556700,,
2012-12-26,13.45469902,1419.82995605,160.77999878
2012-12-27,13.39930318,1418.09997559,161.16000366
2012-12-28,13.45550722,1402.43005371,160.53999329
2012-12-29,13.37400386,,
2012-12-30,13.44501380,,
2012-12-31,13.54555244,1426.18994141,162.02000427
2013-01-01,13.33137142,,
2013-01-02,13.28060681,1462.42004395,163.16999817
2013-01-03,13.38408115,1459.36999512,161.19999695
2013-01-04,13.45172115,1466.46997070,160.44000244
2013-01-05,13.45940677,,
2013-01-06,13.50449651,,
2013-01-07,13.55606166,1461.89001465,159.42999268
2013-01-08,13.78035063,1457.15002441,160.55999756
2013-01-09,13.82095526,1461.02001953,160.49000549
2013-01-10,14.12317286,1472.11999512,161.97999573
2013-01-11,14.22762112,1472.05004883,161.05999756
2013-01-12,14.21428566,,
2013-01-13,14.16078827,,
2013-01-14,14.31797032,1470.68005371,161.53999329
2013-01-15,14.31363775,1472.33996582,162.55999756
2013-01-16,14.70781405,1472.63000488,162.64999390
2013-01-17,15.59859974,1480.93994141,163.35000610
2013-01-18,15.71579112,1485.97998047,163.08999634
2013-01-19,15.58812640,,
2013-01-20,15.71959214,,
2013-01-21,16.78101952,,
2013-01-22,17.30017884,1492.56005859,163.66999817
2013-01-23,17.53639542,1494.81005859,163.21000671
2013-01-24,16.90108607,1494.81994629,161.41999817
2013-01-25,17.40720203,1502.95996094,160.64999390
2013-01-26,17.55362918,,
2013-01-27,17.86462801,,
2013-01-28,18.79426487,1500.18005371,160.28999329
2013-01-29,19.51471419,1507.83996582,160.99000549
2013-01-30,19.73744669,1501.95996094,162.19000244
2013-01-31,20.51164303,1498.10998535,161.19999695
2013-02-01,20.44309196,1513.17004395,161.44999695
2013-02-02,19.63590171,,
2013-02-03,20.57893968,,
2013-02-04,20.44048796,1495.70996094,162.00000000
2013-02-05,20.65934473,1511.29003906,161.96000671
2013-02-06,21.20856553,1512.11999512,162.38999939
2013-02-07,22.11776518,1509.39001465,161.83999634
2013-02-08,22.78736505,1517.93005371,161.57000732
2013-02-09,23.73386015,,
2013-02-10,23.90028936,,
2013-02-11,24.49727269,1517.01000977,159.69999695
2013-02-12,24.97973641,1519.43005371,159.88999939
2013-02-13,24.64165093,1520.32995605,159.05000305
2013-02-14,27.28238982,1521.38000488,158.35000610
2013-02-15,27.17126923,1519.79003906,155.75999451
2013-02-16,27.34616356,,
2013-02-17,26.92725138,,
2013-02-18,26.92886764,,
2013-02-19,29.41362438,1530.93994141,155.33000183
2013-02-20,29.81980723,1511.94995117,151.44000244
2013-02-21,29.81806892,1502.42004395,152.61999512
2013-02-22,30.47265653,1515.59997559,152.97000122
2013-02-23,29.80645455,,
2013-02-24,29.88284849,,
2013-02-25,30.35203309,1487.84997559,154.33999634
2013-02-26,31.15553735,1496.93994141,156.22000122
2013-02-27,31.24026108,1515.98999023,154.57000732
2013-02-28,33.37529394,1514.68005371,153.00000000
2013-03-01,34.60625703,1518.19995117,152.44000244
2013-03-02,34.14351592,,
2013-03-03,34.45174048,,
2013-03-04,36.37626525,1525.19995117,152.30000305
2013-03-05,40.67295399,1539.79003906,152.38000488
2013-03-06,43.28499619,1541.45996094,153.22999573
2013-03-07,41.94744072,1544.26000977,152.69000244
2013-03-08,43.90292891,1551.18005371,152.71000671
2013-03-09,46.88858661,,
2013-03-10,46.06603846,,
2013-03-11,48.27507458,1556.21997070,152.99000549
2013-03-12,44.41354526,1552.47998047,154.19000244
2013-03-13,47.01619085,1554.52001953,153.66000366
2013-03-14,46.92556255,1563.22998047,153.67999268
2013-03-15,46.90251725,1560.69995117,154.00000000
2013-03-16,47.15701570,,
2013-03-17,47.33349978,,
2013-03-18,51.36543639,1552.09997559,155.38000488
2013-03-19,59.49860111,1548.33996582,156.08000183
2013-03-20,63.68748550,1558.70996094,155.36999512
2013-03-21,70.91752501,1545.80004883,156.25000000
2013-03-22,69.84608454,1556.89001465,155.55000305
2013-03-23,64.38311637,,
2013-03-24,71.69042421,,
2013-03-25,74.31408925,1551.68994141,155.24000549
2013-03-26,78.61419743,1563.77001953,154.72000122
2013-03-27,88.85207991,1562.84997559,155.36000061
2013-03-28,87.67317396,1569.18994141,154.44999695
2013-03-29,90.29569936,,
2013-03-30,92.18995999,,
2013-03-31,93.89923842,,
2013-04-01,103.58034691,1562.17004395,154.66999817
2013-04-02,116.67994424,1570.25000000,152.42999268
2013-04-03,131.38480938,1553.68994141,150.72999573
2013-04-04,133.00712048,1559.97998047,150.28999329
2013-04-05,142.62606549,1553.28002930,152.80999756
2013-04-06,143.08182296,,
2013-04-07,162.85221458,,
2013-04-08,186.35116185,1563.06994629,152.16000366
2013-04-09,230.68299670,1568.60998535,153.33999634
2013-04-10,161.19288966,1587.72998047,150.75000000
2013-04-11,82.90158504,1593.36999512,151.05000305
2013-04-12,111.47637319,1588.84997559,143.94999695
2013-04-13,97.60907187,,
2013-04-14,88.86149140,,
2013-04-15,80.87469317,1552.35998535,131.30999756
2013-04-16,68.28313873,1574.56994629,132.80000305
2013-04-17,92.86403691,1552.01000977,132.86999512
2013-04-18,108.62834509,1541.60998535,134.30000305
2013-04-19,119.01228324,1555.25000000,135.47000122
2013-04-20,128.20828889,,
2013-04-21,118.48324376,,
2013-04-22,126.31427176,1562.50000000,137.89999390
2013-04-23,142.12721805,1578.78002930,136.88000488
2013-04-24,154.13327780,1578.79003906,138.36999512
2013-04-25,141.00865928,1585.16003418,141.63000488
2013-04-26,137.20960042,1582.23999023,140.91000366
2013-04-27,128.22666961,,
2013-04-28,134.62356956,,
2013-04-29,143.81037819,1593.60998535,142.30000305
2013-04-30,139.12964755,1597.56994629,142.77000427
2013-05-01,116.11380104,1582.69995117,141.11000061
2013-05-02,106.34098470,1597.58996582,141.91999817
2013-05-03,96.31684027,1614.42004395,142.08999634
2013-05-04,112.49763637,,
2013-05-05,116.48871583,,
2013-05-06,112.11859620,1617.50000000,142.14999390
2013-05-07,111.60921287,1625.95996094,140.38000488
2013-05-08,113.13606185,1632.68994141,142.46000671
2013-05-09,111.97453271,1626.67004395,140.80999756
2013-05-10,117.69103688,1633.69995117,139.60000610
2013-05-11,115.49977766,,
2013-05-12,114.88567556,,
2013-05-13,117.40445665,1633.77001953,138.42999268
2013-05-14,107.86556657,1650.33996582,137.80999756
2013-05-15,108.98685243,1658.78002930,134.63000488
2013-05-16,112.91787405,1650.46997070,134.08999634
2013-05-17,117.28461601,1667.46997070,131.07000732
2013-05-18,118.16987668,,
2013-05-19,117.03388019,,
2013-05-20,117.81863647,1666.29003906,135.11999512
2013-05-21,117.25204091,1669.16003418,132.88000488
2013-05-22,118.97817358,1655.34997559,131.94000244
2013-05-23,123.72615605,1650.51000977,134.61000061
2013-05-24,128.97108065,1649.59997559,133.75999451
2013-05-25,128.84491525,,
2013-05-26,130.15860111,,
2013-05-27,126.39290590,,
2013-05-28,125.90459527,1660.06005859,133.49000549
2013-05-29,129.56481239,1648.35998535,134.83000183
2013-05-30,126.51306838,1654.41003418,136.69999695
2013-05-31,127.81648890,1630.73999023,133.91999817
2013-06-01,128.79115108,,
2013-06-02,122.62670894,,
2013-06-03,122.94918790,1640.42004395,136.50999451
2013-06-04,120.18996873,1631.38000488,135.22999573
2013-06-05,120.86992385,1608.90002441,135.52000427
2013-06-06,119.05397567,1622.56005859,136.52999878
2013-06-07,110.19773144,1643.38000488,133.27999878
2013-06-08,109.17854534,,
2013-06-09,99.90360345,,
2013-06-10,104.35756663,1642.81005859,133.94000244
2013-06-11,107.50752046,1626.13000488,133.25000000
2013-06-12,106.37811631,1612.52001953,134.25000000
2013-06-13,101.32389772,1636.35998535,133.74000549
2013-06-14,99.21324430,1626.72998047,134.42999268
2013-06-15,99.87503741,,
2013-06-16,99.03835126,,
2013-06-17,100.12630508,1639.04003906,133.77000427
2013-06-18,104.28917638,1651.81005859,132.13000488
2013-06-19,104.41715079,1628.93005371,130.58999634
2013-06-20,104.32349971,1588.18994141,123.59999847
2013-06-21,101.41685739,1592.43005371,125.05000305
2013-06-22,100.03950847,,
2013-06-23,100.31474459,,
2013-06-24,99.04568323,1573.08996582,123.93000031
2013-06-25,97.83278872,1588.03002930,123.47000122
2013-06-26,98.65170076,1603.26000977,118.27999878
2013-06-27,96.80394960,1613.19995117,115.94000244
2013-06-28,89.42450672,1606.28002930,119.11000061
2013-06-29,88.79729106,,
2013-06-30,89.48090766,,
2013-07-01,82.86757013,1614.95996094,121.12999725
2013-07-02,87.81646669,1614.07995605,120.05000305
2013-07-03,77.69133080,1615.41003418,120.73999786
2013-07-04,79.13487084,,
2013-07-05,67.44762385,1631.89001465,118.08999634
2013-07-06,66.34168089,,
2013-07-07,72.10952237,,
2013-07-08,73.98855377,1640.45996094,119.51000214
2013-07-09,74.89191087,1652.31994629,120.62000275
2013-07-10,85.01367914,1652.61999512,120.94999695
2013-07-11,87.49754939,1675.02001953,124.23999786
2013-07-12,90.04669871,1680.18994141,124.12999725
2013-07-13,91.59259790,,
2013-07-14,89.89226928,,
2013-07-15,93.79615254,1682.50000000,124.18000031
2013-07-16,91.78103565,1676.26000977,124.88999939
2013-07-17,91.03135126,1680.91003418,123.31999969
2013-07-18,84.96172912,1689.36999512,124.01000214
2013-07-19,86.23879460,1692.08996582,125.11000061
2013-07-20,84.91085915,,
2013-07-21,85.66435026,,
2013-07-22,85.64902864,1695.53002930,128.83999634
2013-07-23,86.97705669,1692.39001465,129.71000671
2013-07-24,88.15173057,1685.93994141,127.48000336
2013-07-25,90.16609223,1690.25000000,128.66999817
2013-07-26,89.98398597,1691.65002441,128.77999878
2013-07-27,88.16527586,,
2013-07-28,92.74584220,,
2013-07-29,93.29869725,1685.32995605,128.47000122
2013-07-30,96.65955289,1685.95996094,128.11999512
2013-07-31,98.02441993,1685.72998047,127.95999908
2013-08-01,96.56801783,1706.86999512,126.61000061
2013-08-02,96.07453068,1709.67004395,126.36000061
2013-08-03,95.50670953,,
2013-08-04,96.36548217,,
2013-08-05,97.52713384,1707.14001465,125.69999695
2013-08-06,97.67120660,1697.36999512,123.97000122
2013-08-07,97.05420690,1690.91003418,124.15000153
2013-08-08,94.25727177,1697.47998047,126.86000061
2013-08-09,92.47277674,1691.42004395,126.86000061
2013-08-10,93.29355289,,
2013-08-11,94.27131239,,
2013-08-12,95.44647078,1689.46997070,129.13000488
2013-08-13,97.75907508,1694.16003418,127.73999786
2013-08-14,99.12128755,1685.39001465,129.00000000
2013-08-15,98.10633314,1661.31994629,131.69000244
2013-08-16,98.29096026,1655.82995605,132.58000183
2013-08-17,99.63050438,,
2013-08-18,99.17803974,,
2013-08-19,102.78401227,1646.06005859,132.00999451
2013-08-20,104.50021099,1652.34997559,132.44999695
2013-08-21,110.80160374,1642.80004883,132.07000732
2013-08-22,109.52321683,1656.95996094,132.80999756
2013-08-23,107.69757160,1663.50000000,134.89999390
2013-08-24,108.88267504,,
2013-08-25,113.08256341,,
2013-08-26,112.11811485,1656.78002930,135.44999695
2013-08-27,117.75979077,1630.47998047,136.75000000
2013-08-28,118.31741438,1634.95996094,136.71000671
2013-08-29,118.83563822,1638.17004395,135.86999512
2013-08-30,124.88537960,1632.96997070,134.61999512
2013-08-31,128.37797896,,
2013-09-01,130.53637200,,
2013-09-02,129.56537171,,
2013-09-03,129.18280362,1639.77001953,136.41999817
2013-09-04,122.52923875,1653.07995605,134.66000366
2013-09-05,122.37008504,1655.07995605,132.19999695
2013-09-06,117.86114641,1655.17004395,134.14999390
2013-09-07,119.81498948,,
2013-09-08,118.05738632,,
2013-09-09,121.25927265,1671.70996094,133.91000366
2013-09-10,122.21553019,1683.98999023,131.74000549
2013-09-11,127.08822706,1689.13000488,131.69999695
2013-09-12,126.78072355,1683.42004395,127.66999817
2013-09-13,127.40774518,1687.98999023,127.81999969
2013-09-14,124.34847750,,
2013-09-15,125.07641788,,
2013-09-16,126.20466598,1697.59997559,126.44999695
2013-09-17,126.89725015,1704.76000977,126.50000000
2013-09-18,126.90381940,1725.52001953,132.00999451
2013-09-19,124.18095733,1722.33996582,131.75000000
2013-09-20,122.92163589,1709.91003418,127.95999908
2013-09-21,123.50825687,,
2013-09-22,123.12493513,,
2013-09-23,122.86569901,1701.83996582,127.55000305
2013-09-24,123.79735769,1697.42004395,127.66000366
2013-09-25,123.61407861,1692.77001953,128.78999329
2013-09-26,124.68567446,1698.67004395,127.79000092
2013-09-27,126.60534775,1691.75000000,128.97000122
2013-09-28,126.79655172,,
2013-09-29,127.10862770,,
2013-09-30,126.09026184,1681.55004883,128.17999268
2013-10-01,127.57542431,1695.00000000,124.58999634
2013-10-02,104.10509293,1693.86999512,127.05999756
2013-10-03,117.57549503,1678.66003418,127.18000031
2013-10-04,121.93034775,1690.50000000,126.52999878
2013-10-05,121.39340269,,
2013-10-06,122.47526125,,
2013-10-07,123.90687259,1676.11999512,127.63999939
2013-10-08,124.76652893,1655.44995117,127.40000153
2013-10-09,125.93352031,1656.40002441,126.11000061
2013-10-10,126.70465050,1692.56005859,124.26999664
2013-10-11,127.25529924,1703.19995117,122.59999847
2013-10-12,127.85126300,,
2013-10-13,132.41565868,,
2013-10-14,135.33919492,1710.14001465,122.83000183
2013-10-15,141.49390853,1698.06005859,123.73000336
2013-10-16,138.32792192,1721.54003906,123.54000092
2013-10-17,143.74713384,1733.15002441,127.41999817
2013-10-18,152.77557218,1744.50000000,126.84999847
2013-10-19,165.77271712,,
2013-10-20,166.50015108,,
2013-10-21,179.91062858,1744.66003418,126.98000336
2013-10-22,190.40278141,1754.67004395,129.33999634
2013-10-23,204.60035096,1746.38000488,128.69000244
2013-10-24,194.41004377,1752.06994629,129.89999390
2013-10-25,185.64378763,1759.77001953,130.46000671
2013-10-26,179.80821800,,
2013-10-27,194.54613326,,
2013-10-28,196.27468732,1762.10998535,130.55999756
2013-10-29,204.42817417,1771.94995117,129.77000427
2013-10-30,197.90059942,1763.31005859,129.60000610
2013-10-31,203.28364991,1756.54003906,127.73999786
2013-11-01,203.03710985,1761.64001465,126.94999695
2013-11-02,204.79288136,,
2013-11-03,210.27538261,,
2013-11-04,228.79103887,1767.93005371,126.80999756
2013-11-05,243.64166891,1762.96997070,126.55999756
2013-11-06,263.20958399,1770.48999023,127.19999695
2013-11-07,290.12422618,1747.15002441,126.16000366
2013-11-08,333.75065651,1770.60998535,124.27999878
2013-11-09,331.05114845,,
2013-11-10,327.55865350,,
2013-11-11,342.69769287,1771.89001465,123.87000275
2013-11-12,354.64548831,1767.68994141,122.44999695
2013-11-13,394.50449522,1782.00000000,122.84999847
2013-11-14,416.70630330,1790.61999512,124.26999664
2013-11-15,408.39879733,1798.18005371,124.31999969
2013-11-16,435.79844277,,
2013-11-17,485.33657686,,
2013-11-18,657.77850387,1791.53002930,122.90000153
2013-11-19,546.87839731,1787.86999512,122.94999695
2013-11-20,595.33909965,1781.36999512,120.12000275
2013-11-21,720.76442526,1795.84997559,119.94000244
2013-11-22,802.91693372,1804.76000977,119.91999817
2013-11-23,834.29533999,,
2013-11-24,807.16669550,,
2013-11-25,816.24338662,1802.47998047,120.45999908
2013-11-26,916.09716014,1802.75000000,119.81999969
2013-11-27,962.91056091,1807.22998047,119.45999908
2013-11-28,1007.38716365,,
2013-11-29,1128.72548802,1805.81005859,120.69999695
2013-11-30,1119.29671479,,
2013-12-01,964.48579369,,
2013-12-02,1040.80821771,1800.90002441,117.58000183
2013-12-03,1053.62102745,1795.15002441,117.95999908
2013-12-04,1134.93223089,1792.81005859,119.95999908
2013-12-05,1027.41177283,1785.03002930,118.30000305
2013-12-06,824.58171034,1805.08996582,118.55000305
2013-12-07,703.74837603,,
2013-12-08,783.57334833,,
2013-12-09,896.07928989,1808.36999512,119.72000122
2013-12-10,977.16536733,1802.61999512,121.81999969
2013-12-11,875.46403427,1782.21997070,120.86000061
2013-12-12,873.32480599,1775.50000000,118.29000092
2013-12-13,879.15613530,1775.31994629,119.37999725
2013-12-14,852.85612053,,
2013-12-15,864.06165786,,
2013-12-16,677.89410680,1786.54003906,119.69000244
2013-12-17,682.62677271,1781.00000000,118.65000153
2013-12-18,526.12097633,1810.65002441,117.61000061
2013-12-19,685.52512896,1809.59997559,114.81999969
2013-12-20,600.21695426,1818.31994629,115.94000244
2013-12-21,597.03350255,,
2013-12-22,615.01303527,,
2013-12-23,657.92663416,1827.98999023,115.56999969
2013-12-24,650.66474518,1833.31994629,116.09999847
2013-12-25,678.29015809,,
2013-12-26,749.99659496,1842.02001953,116.73999786
2013-12-27,722.57056749,1841.40002441,117.12000275
2013-12-28,715.85236308,,
2013-12-29,727.27121566,,
2013-12-30,735.74199708,1841.06994629,115.38999939
2013-12-31,729.55758291,1848.35998535,116.12000275
2014-01-01,752.40454994,,
2014-01-02,784.95492131,1831.97998047,118.00000000
2014-01-03,807.22293903,1831.36999512,119.29000092
2014-01-04,828.60206262,,
2014-01-05,902.48738026,,
2014-01-06,914.45996084,1826.77001953,119.50000000
2014-01-07,803.35179620,1837.88000488,118.81999969
2014-01-08,820.69000950,1837.48999023,118.12000275
2014-01-09,831.33475049,1838.13000488,118.45999908
2014-01-10,853.29885484,1842.36999512,120.26000214
2014-01-11,889.55583712,,
2014-01-12,845.19133222,,
2014-01-13,822.87701220,1819.19995117,121.01999664
2014-01-14,815.29360271,1838.88000488,119.88999939
2014-01-15,841.08985736,1848.38000488,119.66000366
2014-01-16,815.85480030,1845.89001465,119.79000092
2014-01-17,792.82950648,1838.69995117,120.93000031
2014-01-18,809.78352836,,
2014-01-19,838.42847473,,
2014-01-20,828.88521659,,
2014-01-21,823.81796376,1843.80004883,119.69999695
2014-01-22,818.97638632,1844.85998535,119.19000244
2014-01-23,810.92242520,1828.45996094,121.79000092
2014-01-24,781.04251395,1790.29003906,122.29000092
2014-01-25,804.40324080,,
2014-01-26,814.49938137,,
2014-01-27,742.70137497,1781.56005859,120.95999908
2014-01-28,790.17640188,1792.50000000,120.94999695
2014-01-29,793.38442491,1774.19995117,122.47000122
2014-01-30,799.47447984,1794.18994141,119.76999664
2014-01-31,803.23759878,1782.58996582,120.08999634
2014-02-01,813.21954922,,
2014-02-02,814.49087043,,
2014-02-03,806.99742837,1741.89001465,121.31999969
2014-02-04,800.07823189,1755.19995117,120.98999786
2014-02-05,784.47369278,1751.64001465,121.29000092
2014-02-06,763.56938223,1773.43005371,121.23999786
2014-02-07,711.57127342,1797.02001953,122.16999817
2014-02-08,677.68230094,,
2014-02-09,687.40605458,,
2014-02-10,685.45749884,1799.83996582,122.91999817
2014-02-11,671.89969169,1819.75000000,124.36000061
2014-02-12,653.76578091,1819.26000977,124.43000031
2014-02-13,612.91841496,1829.82995605,125.48999786
2014-02-14,668.78860266,1838.63000488,127.15000153
2014-02-15,654.37706020,,
2014-02-16,623.25032195,,
2014-02-17,631.33459631,,
2014-02-18,627.27176142,1840.76000977,127.40000153
2014-02-19,623.54013695,1828.75000000,126.26999664
2014-02-20,563.76856110,1839.78002930,127.59999847
2014-02-21,580.32431597,1836.25000000,127.58000183
2014-02-22,607.12463334,,
2014-02-23,610.08232375,,
2014-02-24,542.26665075,1847.60998535,128.99000549
2014-02-25,533.70764444,1845.11999512,129.21000671
2014-02-26,587.57858830,1845.16003418,128.11000061
2014-02-27,585.39392565,1854.29003906,128.19999695
2014-02-28,551.29477031,1859.44995117,127.62000275
2014-03-01,567.53423544,,
2014-03-02,558.52770716,,
2014-03-03,676.50573278,1845.72998047,130.28999329
2014-03-04,674.51139943,1873.91003418,128.67999268
2014-03-05,670.33885110,1873.81005859,128.88999939
2014-03-06,667.71283400,1877.03002930,130.16999817
2014-03-07,631.77029521,1878.04003906,129.08999634
2014-03-08,621.52411450,,
2014-03-09,640.57888932,,
2014-03-10,628.15124117,1877.17004395,129.13000488
2014-03-11,633.73383823,1867.63000488,129.86000061
2014-03-12,634.64682372,1868.19995117,131.75999451
2014-03-13,643.43210086,1846.33996582,132.21000671
2014-03-14,628.30859001,1841.13000488,133.10000610
2014-03-15,636.21865006,,
2014-03-16,634.16890097,,
2014-03-17,622.76020865,1858.82995605,131.63999939
2014-03-18,614.30951372,1872.25000000,130.61999512
2014-03-19,610.51120347,1860.77001953,128.08999634
2014-03-20,586.60759571,1872.01000977,127.86000061
2014-03-21,569.69451800,1866.52001953,128.47000122
2014-03-22,564.70002670,,
2014-03-23,558.95886169,,
2014-03-24,585.02325052,1857.43994141,126.18000031
2014-03-25,583.77118909,1865.61999512,126.41000366
2014-03-26,579.24385040,1852.56005859,125.41000366
2014-03-27,483.16401261,1849.04003906,124.58999634
2014-03-28,498.66132895,1857.61999512,124.55999756
2014-03-29,489.51702355,,
2014-03-30,458.96632828,,
2014-03-31,455.35535406,1872.33996582,123.61000061
2014-04-01,479.00846587,1885.52001953,123.38999939
2014-04-02,439.01149252,1890.90002441,124.31999969
2014-04-03,449.44115152,1888.77001953,123.91999817
2014-04-04,449.71986974,1865.08996582,125.56999969
2014-04-05,461.67533148,,
2014-04-06,458.63348054,,
2014-04-07,448.65527507,1845.04003906,124.91000366
2014-04-08,452.80309880,1851.95996094,126.08999634
2014-04-09,442.83798493,1872.18005371,126.31999969
2014-04-10,366.91186606,1833.07995605,127.01000214
2014-04-11,421.94352807,1815.68994141,126.93000031
2014-04-12,424.27421265,,
2014-04-13,416.36232165,,
2014-04-14,461.10824659,1830.60998535,127.84999847
2014-04-15,521.61529961,1842.97998047,125.48999786
2014-04-16,531.48184673,1862.31005859,125.54000092
2014-04-17,499.83755154,1864.84997559,124.75000000
2014-04-18,483.02001353,,
2014-04-19,504.36559518,,
2014-04-20,501.55718445,,
2014-04-21,498.08453030,1871.89001465,124.23999786
2014-04-22,489.50351003,1879.55004883,123.77999878
2014-04-23,490.63296754,1875.39001465,123.76000214
2014-04-24,503.29180103,1878.60998535,124.55999756
2014-04-25,466.42617134,1863.40002441,125.43000031
2014-04-26,459.22670982,,
2014-04-27,438.70936372,,
2014-04-28,441.54780547,1869.43005371,124.87999725
2014-04-29,447.70993077,1878.32995605,124.86000061
2014-04-30,448.87571551,1883.94995117,124.22000122
2014-05-01,460.19469826,1883.68005371,123.80000305
2014-05-02,452.23977976,1881.14001465,125.05999756
2014-05-03,438.97858801,,
2014-05-04,436.67539864,,
2014-05-05,432.33817904,1884.66003418,126.22000122
2014-05-06,430.12820539,1867.71997070,125.98000336
2014-05-07,442.18287610,1878.20996094,124.16999817
2014-05-08,440.40276271,1875.63000488,124.16999817
2014-05-09,452.69799972,1878.47998047,124.09999847
2014-05-10,456.75584629,,
2014-05-11,439.11447604,,
2014-05-12,441.28095558,1896.65002441,124.94000244
2014-05-13,439.00577499,1897.44995117,124.59999847
2014-05-14,444.84820573,1888.53002930,125.80999756
2014-05-15,446.96155874,1870.84997559,124.76999664
2014-05-16,448.74215371,1877.85998535,124.50000000
2014-05-17,449.22228930,,
2014-05-18,446.96264144,,
2014-05-19,447.40485681,1885.07995605,124.58000183
2014-05-20,490.33564816,1872.82995605,124.69000244
2014-05-21,493.93349182,1888.03002930,124.38999939
2014-05-22,526.81428843,1892.48999023,124.66999817
2014-05-23,523.69932028,1900.53002930,124.51000214
2014-05-24,527.69124313,,
2014-05-25,573.31245880,,
2014-05-26,584.84797487,,
2014-05-27,573.92826925,1911.91003418,121.84999847
2014-05-28,579.18931882,1909.78002930,121.19999695
2014-05-29,570.34931093,1920.03002930,120.94000244
2014-05-30,620.84636061,1923.56994629,120.43000031
2014-05-31,627.89242069,,
2014-06-01,630.07495354,,
2014-06-02,663.50572385,1924.96997070,119.69999695
2014-06-03,672.38789714,1924.23999023,120.01000214
2014-06-04,643.88736879,1927.88000488,119.76000214
2014-06-05,661.50355815,1940.45996094,120.66000366
2014-06-06,650.13331590,1949.43994141,120.61000061
2014-06-07,656.80027177,,
2014-06-08,657.81997487,,
2014-06-09,648.33632233,1951.27001953,120.65000153
2014-06-10,650.93660959,1950.79003906,121.38999939
2014-06-11,631.48902221,1943.89001465,121.41000366
2014-06-12,591.97507715,1930.10998535,122.63999939
2014-06-13,597.04499971,1936.16003418,122.95999908
2014-06-14,575.55946172,,
2014-06-15,589.72464641,,
2014-06-16,590.56748217,1937.78002930,122.41999817
2014-06-17,609.08000292,1941.98999023,122.27999878
2014-06-18,607.62979603,1956.97998047,122.66999817
2014-06-19,595.75147691,1959.47998047,126.94000244
2014-06-20,591.53152279,1962.86999512,126.50000000
2014-06-21,592.76434950,,
2014-06-22,599.63463355,,
2014-06-23,589.55229982,1962.60998535,126.84999847
2014-06-24,579.97371859,1949.97998047,126.98000336
2014-06-25,562.23677995,1959.53002930,126.98999786
2014-06-26,580.74923027,1957.21997070,126.73000336
2014-06-27,600.63830538,1960.95996094,126.66000366
2014-06-28,594.39030421,,
2014-06-29,600.84051841,,
2014-06-30,638.94611397,1960.22998047,128.03999329
2014-07-01,642.95659673,1973.31994629,127.69999695
2014-07-02,651.29834775,1974.61999512,127.69999695
2014-07-03,646.41338913,1985.43994141,127.16000366
2014-07-04,630.63550292,,
2014-07-05,630.46834191,,
2014-07-06,634.67267446,,
2014-07-07,622.85497896,1977.65002441,127.01999664
2014-07-08,624.89433109,1963.70996094,127.06999969
2014-07-09,621.93909176,1972.82995605,127.83999634
2014-07-10,616.52284980,1964.68005371,128.53999329
2014-07-11,634.49437814,1967.56994629,128.77999878
2014-07-12,636.92395793,,
2014-07-13,629.87575044,,
2014-07-14,619.19745909,1977.09997559,125.72000122
2014-07-15,621.93460140,1973.28002930,124.52999878
2014-07-16,616.35188223,1981.56994629,124.97000122
2014-07-17,624.25927499,1958.11999512,127.08999634
2014-07-18,630.75014027,1978.21997070,126.12999725
2014-07-19,629.17336441,,
2014-07-20,625.24867621,,
2014-07-21,621.30533139,1973.63000488,126.33999634
2014-07-22,619.82326447,1983.53002930,125.73999786
2014-07-23,619.77281677,1987.01000977,125.62000275
2014-07-24,602.87964553,1987.97998047,124.34999847
2014-07-25,601.57851432,1978.33996582,125.79000092
2014-07-26,594.70260725,,
2014-07-27,591.57544418,,
2014-07-28,587.49300497,1978.91003418,125.58000183
2014-07-29,584.11239334,1969.94995117,125.19999695
2014-07-30,562.91462507,1970.06994629,124.83000183
2014-07-31,581.97556195,1930.67004395,123.38999939
2014-08-01,596.50675921,1925.15002441,124.37999725
2014-08-02,589.75726154,,
2014-08-03,586.75373670,,
2014-08-04,587.60833548,1938.98999023,123.98999786
2014-08-05,581.88198860,1920.20996094,123.87000275
2014-08-06,582.24837142,1920.23999023,125.66999817
2014-08-07,586.04663355,1909.56994629,126.18000031
2014-08-08,589.02441262,1931.58996582,126.19000244
2014-08-09,588.97852133,,
2014-08-10,589.37350205,,
2014-08-11,573.44148393,1936.92004395,125.95999908
2014-08-12,568.30752016,1933.75000000,125.98999786
2014-08-13,548.37017534,1946.71997070,126.19999695
2014-08-14,505.10749971,1955.18005371,126.30999756
2014-08-15,500.32306013,1955.06005859,125.48000336
2014-08-16,521.74796289,,
2014-08-17,497.76465897,,
2014-08-18,468.95791818,1971.73999023,124.95999908
2014-08-19,486.79435067,1981.59997559,124.68000031
2014-08-20,515.12035389,1986.51000977,124.22000122
2014-08-21,519.30785213,1992.36999512,122.87999725
2014-08-22,516.15936879,1988.40002441,123.19000244
2014-08-23,497.12575950,,
2014-08-24,508.43074196,,
2014-08-25,501.61028667,1997.92004395,122.73999786
2014-08-26,511.85232174,2000.02001953,123.34999847
2014-08-27,510.16232379,2000.11999512,123.31999969
2014-08-28,506.28515167,1996.73999023,124.00000000
2014-08-29,508.86657189,2003.36999512,123.86000061
2014-08-30,501.27572326,,
2014-08-31,478.51142548,,
2014-09-01,474.54148977,,
2014-09-02,474.43067066,2002.28002930,121.65000153
2014-09-03,473.95920339,2000.71997070,122.15000153
2014-09-04,489.55520134,1997.65002441,121.48000336
2014-09-05,478.74978288,2007.70996094,122.05999756
2014-09-06,480.64249182,,
2014-09-07,478.36550088,,
2014-09-08,468.97549591,2001.54003906,120.73000336
2014-09-09,473.51202718,1988.43994141,120.87000275
2014-09-10,477.77841759,1995.68994141,120.26000214
2014-09-11,477.27068206,1997.44995117,119.47000122
2014-09-12,473.99728229,1985.54003906,118.37999725
2014-09-13,477.96097399,,
2014-09-14,475.64806400,,
2014-09-15,472.65562975,1984.13000488,118.63999939
2014-09-16,464.17775453,1998.97998047,118.83000183
2014-09-17,456.33989129,2001.56994629,117.54000092
2014-09-18,426.88010695,2011.35998535,117.77999878
2014-09-19,393.89389071,2010.40002441,117.08999634
2014-09-20,411.04134278,,
2014-09-21,400.40453068,,
2014-09-22,400.88162215,1994.29003906,116.84999847
2014-09-23,438.49180099,1982.77001953,117.59999847
2014-09-24,423.70009176,1998.30004883,117.05000305
2014-09-25,409.53774985,1965.98999023,117.38999939
2014-09-26,405.29825190,1982.84997559,117.05999756
2014-09-27,400.59933460,,
2014-09-28,375.54998977,,
2014-09-29,373.06455786,1977.80004883,117.02999878
2014-09-30,389.26404041,1972.29003906,116.20999908
2014-10-01,382.90936587,1946.16003418,116.76999664
2014-10-02,372.52569901,1946.17004395,116.73999786
2014-10-03,357.66571362,1967.90002441,114.61000061
2014-10-04,328.82611309,,
2014-10-05,322.82626154,,
2014-10-06,326.80353273,1964.81994629,116.02999878
2014-10-07,333.57019492,1935.09997559,116.36000061
2014-10-08,354.40733431,1968.89001465,117.47000122
2014-10-09,361.71642490,1928.20996094,117.63999939
2014-10-10,358.89039081,1906.13000488,117.58999634
2014-10-11,361.90837697,,
2014-10-12,377.87124372,,
2014-10-13,391.99420894,1874.73999023,118.51999664
2014-10-14,400.88059205,1877.69995117,118.58999634
2014-10-15,394.62587989,1862.48999023,118.98999786
2014-10-16,382.32147633,1862.76000977,119.22000122
2014-10-17,382.20078960,1886.76000977,118.98999786
2014-10-18,391.29317709,,
2014-10-19,388.68449795,,
2014-10-20,381.19085856,1904.01000977,119.80000305
2014-10-21,385.20463354,1941.28002930,120.01999664
2014-10-22,380.77876330,1927.10998535,119.33999634
2014-10-23,357.34479310,1950.81994629,118.51999664
2014-10-24,357.48843396,1964.57995605,118.34999847
2014-10-25,345.81124664,,
2014-10-26,353.08195617,,
2014-10-27,350.01571186,1961.63000488,118.05999756
2014-10-28,354.65380508,1985.05004883,118.09999847
2014-10-29,333.59935009,1982.30004883,116.41000366
2014-10-30,344.60938223,1994.65002441,115.19000244
2014-10-31,337.18291262,2018.05004883,112.66000366
2014-11-01,324.37131502,,
2014-11-02,324.24856663,,
2014-11-03,325.36186558,2017.81005859,112.15000153
2014-11-04,329.65770397,2012.09997559,112.22000122
2014-11-05,338.80576534,2023.56994629,109.79000092
2014-11-06,349.68991175,2031.20996094,109.87999725
2014-11-07,342.13328814,2031.92004395,112.97000122
2014-11-08,345.71633255,,
2014-11-09,363.61005172,,
2014-11-10,365.50225395,2038.26000977,110.45999908
2014-11-11,367.82546698,2039.68005371,112.04000092
2014-11-12,422.59141964,2038.25000000,111.50000000
2014-11-13,421.91447165,2039.32995605,111.66999817
2014-11-14,398.38888282,2039.81994629,114.47000122
2014-11-15,377.99384074,,
2014-11-16,390.20582350,,
2014-11-17,387.50103156,2041.31994629,114.05000305
2014-11-18,373.86456458,2051.80004883,115.05000305
2014-11-19,377.61339801,2048.71997070,113.68000031
2014-11-20,356.18126534,2052.75000000,114.86000061
2014-11-21,350.74885885,2063.50000000,115.38999939
2014-11-22,352.45551461,,
2014-11-23,367.77324226,,
2014-11-24,376.99422385,2069.40991211,115.11000061
2014-11-25,376.75563004,2067.03002930,115.37999725
2014-11-26,367.53020807,2072.83007812,115.16000366
2014-11-27,369.53022735,,
2014-11-28,377.89693191,2067.56005859,112.11000061
2014-11-29,376.07633548,,
2014-11-30,378.69039714,,
2014-12-01,379.11197896,2053.43994141,116.58000183
2014-12-02,382.94679632,2066.55004883,115.13999939
2014-12-03,375.91601929,2074.33007812,116.33000183
2014-12-04,368.84556809,2071.91992188,115.87999725
2014-12-05,378.42832963,2075.37011719,114.43000031
2014-12-06,375.13795120,,
2014-12-07,376.63979310,,
2014-12-08,363.21567680,2060.31005859,115.77999878
2014-12-09,351.10683781,2059.82006836,118.19000244
2014-12-10,347.88139392,2026.14001465,117.95999908
2014-12-11,348.59300614,2035.32995605,117.69000244
2014-12-12,353.19061251,2002.32995605,117.41000366
2014-12-13,349.24294506,,
2014-12-14,356.07972151,,
2014-12-15,347.09518147,1989.63000488,114.38999939
2014-12-16,328.61332028,1972.73999023,114.94999695
2014-12-17,320.29761338,2012.89001465,114.26999664
2014-12-18,313.51165118,2061.22998047,115.15000153
2014-12-19,318.24288866,2070.64990234,114.76999664
2014-12-20,330.06575833,,
2014-12-21,320.99267008,,
2014-12-22,331.84258445,2078.54003906,112.55000305
2014-12-23,336.08412858,2082.16992188,112.73999786
2014-12-24,323.03229778,2081.87988281,112.76999664
2014-12-25,318.99614436,,
2014-12-26,329.21034191,2088.77001953,114.83000183
2014-12-27,315.96844389,,
2014-12-28,317.01048042,,
2014-12-29,313.06553156,2090.57006836,113.66999817
2014-12-30,310.44200409,2080.35009766,115.19999695
2014-12-31,320.66228726,2058.89990234,113.58000183
2015-01-01,314.77647195,,
2015-01-02,315.94273174,2058.19995117,114.08000183
2015-01-03,285.64730976,,
2015-01-04,263.33457481,,
2015-01-05,275.00385155,2020.57995605,115.80000305
2015-01-06,287.54952104,2002.60998535,117.12000275
2015-01-07,297.53556517,2025.90002441,116.43000031
2015-01-08,284.34239188,2062.13989258,115.94000244
2015-01-09,292.50111455,2044.81005859,117.26000214
2015-01-10,276.23053214,,
2015-01-11,268.75551549,,
2015-01-12,268.61723203,2028.26000977,118.55999756
2015-01-13,224.10811777,2023.03002930,118.16000366
2015-01-14,175.63764056,2011.27001953,117.97000122
2015-01-15,212.34101140,1992.67004395,120.94000244
2015-01-16,207.59520485,2019.42004395,122.51999664
2015-01-17,199.82483665,,
2015-01-18,211.13251841,,
2015-01-19,216.89469492,,
2015-01-20,211.91985389,2022.55004883,124.19999695
2015-01-21,227.90421040,2032.11999512,124.23000336
2015-01-22,233.64738282,2063.14990234,125.23000336
2015-01-23,233.13285243,2051.82006836,124.23000336
2015-01-24,249.08212390,,
2015-01-25,254.51794126,,
2015-01-26,273.95224489,2057.09008789,122.98999786
2015-01-27,264.75380450,2029.55004883,124.40000153
2015-01-28,235.73584044,2002.16003418,123.41999817
2015-01-29,233.95737347,2021.25000000,120.76000214
2015-01-30,228.89618995,1994.98999023,123.44999695
2015-01-31,217.33215605,,
2015-02-01,227.11130129,,
2015-02-02,240.09241993,2020.84997559,122.41999817
2015-02-03,227.77569579,2050.03002930,121.05000305
2015-02-04,226.78113413,2041.51000977,121.58000183
2015-02-05,217.01115108,2062.52001953,121.79000092
2015-02-06,222.72496932,2055.46997070,118.63999939
2015-02-07,228.64712741,,
2015-02-08,224.03598890,,
2015-02-09,220.76849386,2046.73999023,119.16999817
2015-02-10,220.88815430,2068.59008789,118.47000122
2015-02-11,219.49585973,2068.53002930,117.06999969
2015-02-12,222.58322794,2088.47998047,117.33999634
2015-02-13,236.55536382,2096.98999023,117.98000336
2015-02-14,257.62769579,,
2015-02-15,234.44580304,,
2015-02-16,235.08612683,,
2015-02-17,243.90579427,2100.34008789,116.01000214
2015-02-18,235.99523232,2099.67993164,116.33999634
2015-02-19,241.87225395,2097.44995117,115.94000244
2015-02-20,245.53077528,2110.30004883,115.27999878
2015-02-21,245.59600263,,
2015-02-22,236.69066832,,
2015-02-23,239.06601783,2109.65991211,115.43000031
2015-02-24,239.86926213,2115.47998047,115.26000214
2015-02-25,238.23611105,2113.86010742,115.69999695
2015-02-26,237.04440240,2110.73999023,116.06999969
2015-02-27,255.11677440,2104.50000000,116.16000366
2015-02-28,254.94844857,,
2015-03-01,260.65133080,,
2015-03-02,276.32261368,2117.38989258,115.68000031
2015-03-03,282.70590094,2107.78002930,115.47000122
2015-03-04,273.44753653,2098.53002930,115.11000061
2015-03-05,276.26880918,2101.04003906,115.00000000
2015-03-06,273.31811485,2071.26000977,111.86000061
2015-03-07,276.40335739,,
2015-03-08,275.33803390,,
2015-03-09,290.13005903,2079.42993164,111.97000122
2015-03-10,292.32038311,2044.16003418,111.41999817
2015-03-11,296.69332934,2040.23999023,110.75000000
2015-03-12,295.80034483,2065.94995117,110.72000122
2015-03-13,285.91102630,2053.39990234,110.87999725
2015-03-14,283.60830625,,
2015-03-15,287.27014202,,
2015-03-16,291.39211806,2081.18994141,110.80999756
2015-03-17,285.24839655,2074.28002930,110.20999908
2015-03-18,257.28616014,2099.50000000,112.37000275
2015-03-19,262.09294798,2089.27001953,112.29000092
2015-03-20,262.96649211,2108.10009766,113.56999969
2015-03-21,261.18429749,,
2015-03-22,268.89941584,,
2015-03-23,266.77799299,2104.41992188,114.29000092
2015-03-24,246.83508299,2091.50000000,114.56999969
2015-03-25,246.71913676,2061.05004883,114.73000336
2015-03-26,249.53299357,2056.14990234,115.48000336
2015-03-27,247.37889831,2061.02001953,115.05999756
2015-03-28,253.23161397,,
2015-03-29,242.96761426,,
2015-03-30,248.33693454,2086.23999023,113.75000000
2015-03-31,244.71248568,2067.88989258,113.66000366
2015-04-01,247.18581940,2059.68994141,115.59999847
2015-04-02,253.63007043,2066.95996094,115.27999878
2015-04-03,254.83316365,,
2015-04-04,253.94584863,,
2015-04-05,261.11213618,,
2015-04-06,256.36738691,2080.62011719,116.69000244
2015-04-07,254.83189801,2076.33007812,116.11000061
2015-04-08,245.82521040,2081.89990234,115.47000122
2015-04-09,243.86063618,2091.17993164,114.66999817
2015-04-10,235.87190064,2102.06005859,115.97000122
2015-04-11,237.40906780,,
2015-04-12,237.14104237,,
2015-04-13,225.50563589,2092.42993164,115.13999939
2015-04-14,219.75723670,2095.84008789,114.44000244
2015-04-15,223.31390795,2106.62988281,115.43000031
2015-04-16,228.49381531,2104.98999023,115.02999878
2015-04-17,222.78506020,2081.17993164,115.59999847
2015-04-18,223.39804413,,
2015-04-19,223.28413530,,
2015-04-20,224.89490357,2100.39990234,114.72000122
2015-04-21,234.93935652,2097.29003906,115.37999725
2015-04-22,233.82241876,2107.95996094,113.83000183
2015-04-23,235.93329369,2112.92993164,114.66000366
2015-04-24,231.45859234,2117.68994141,113.05000305
2015-04-25,226.44599299,,
2015-04-26,220.50340678,,
2015-04-27,227.32599036,2108.91992188,115.33000183
2015-04-28,225.54936879,2114.76000977,116.33000183
2015-04-29,225.66928843,2106.85009766,115.51000214
2015-04-30,236.32797604,2085.51000977,113.47000122
2015-05-01,232.74658270,2108.29003906,113.08000183
2015-05-02,235.54007715,,
2015-05-03,240.46424898,,
2015-05-04,238.97666131,2114.48999023,114.09999847
2015-05-05,236.02338340,2089.45996094,114.41999817
2015-05-06,229.48121930,2080.14990234,114.36000061
2015-05-07,237.13068732,2088.00000000,113.41999817
2015-05-08,244.38347282,2116.10009766,113.97000122
2015-05-09,242.70595003,,
2015-05-10,240.73148393,,
2015-05-11,242.24983723,2105.33007812,113.52999878
2015-05-12,242.20909205,2099.12011719,114.50000000
2015-05-13,236.55026593,2098.47998047,116.55000305
2015-05-14,236.94891672,2121.10009766,117.18000031
2015-05-15,237.48450234,2122.72998047,117.52999878
2015-05-16,235.81213442,,
2015-05-17,236.96368293,,
2015-05-18,232.88384962,2129.19995117,117.51999664
2015-05-19,231.97444681,2127.83007812,115.88999939
2015-05-20,234.19030625,2125.85009766,116.08000183
2015-05-21,235.55382174,2130.82006836,115.69000244
2015-05-22,240.32320368,2126.06005859,115.59999847
2015-05-23,238.96328171,,
2015-05-24,240.71175833,,
2015-05-25,237.00354325,,
2015-05-26,236.79626125,2104.19995117,113.91000366
2015-05-27,237.20359643,2123.47998047,113.88999939
2015-05-28,236.95688194,2120.79003906,114.01999664
2015-05-29,236.64652659,2107.38989258,114.09999847
2015-05-30,232.78877002,,
2015-05-31,229.45054793,,
2015-06-01,223.28270193,2111.72998047,114.00000000
2015-06-02,225.32080099,2109.60009766,114.45999908
2015-06-03,225.21306341,2114.07006836,113.63999939
2015-06-04,223.54007686,2095.84008789,112.83999634
2015-06-05,224.73107189,2092.83007812,112.23999786
2015-06-06,225.16051315,,
2015-06-07,223.41168586,,
2015-06-08,228.77429135,2079.28002930,112.56999969
2015-06-09,229.37052951,2080.14990234,112.81999969
2015-06-10,228.58848743,2105.19995117,113.77999878
2015-06-11,229.58441175,2108.86010742,113.26000214
2015-06-12,229.81121851,2094.11010742,113.23000336
2015-06-13,233.01534454,,
2015-06-14,232.50710871,,
2015-06-15,236.79096289,2084.42993164,113.73000336
2015-06-16,251.43267680,2096.29003906,113.31999969
2015-06-17,247.96931765,2100.43994141,113.84999847
2015-06-18,249.01247954,2121.23999023,115.31999969
2015-06-19,244.80348422,2109.98999023,115.12000275
2015-06-20,245.58251315,,
2015-06-21,244.30026008,,
2015-06-22,247.01789246,2122.85009766,113.63999939
2015-06-23,244.18476330,2124.19995117,112.88999939
2015-06-24,240.45154530,2108.58007812,112.58999634
2015-06-25,242.34785769,2102.31005859,112.44000244
2015-06-26,242.96799737,2101.48999023,112.55999756
2015-06-27,251.52932671,,
2015-06-28,249.05828580,,
2015-06-29,256.65022238,2057.63989258,113.06999969
2015-06-30,263.85435686,2063.11010742,112.37000275
2015-07-01,258.04264757,2077.41992188,111.98000336
2015-07-02,254.74711338,2076.78002930,111.76000214
2015-07-03,256.08704283,,
2015-07-04,260.50923963,,
2015-07-05,271.30245821,,
2015-07-06,269.13794009,2068.76000977,112.05999756
2015-07-07,266.46991905,2081.34008789,110.76000214
2015-07-08,270.57614290,2046.68005371,111.08999634
2015-07-09,269.68030479,2051.31005859,111.36000061
2015-07-10,285.55878083,2076.62011719,111.48999786
2015-07-11,293.91745383,,
2015-07-12,311.48187989,,
2015-07-13,292.64922385,2099.60009766,110.98999786
2015-07-14,287.74095149,2108.94995117,110.73999786
2015-07-15,285.92288545,2107.39990234,110.16000366
2015-07-16,278.53274927,2124.29003906,109.76000214
2015-07-17,280.06472472,2126.63989258,108.65000153
2015-07-18,277.35463530,,
2015-07-19,275.28198948,,
2015-07-20,279.11439305,2128.28002930,105.69999695
2015-07-21,276.65241262,2119.20996094,105.37000275
2015-07-22,277.76436908,2114.14990234,104.80000305
2015-07-23,276.81162858,2102.14990234,104.33000183
2015-07-24,289.30597633,2079.64990234,105.34999847
2015-07-25,289.50763998,,
2015-07-26,293.31484278,,
2015-07-27,294.42676184,2067.63989258,104.86000061
2015-07-28,295.41012527,2093.25000000,105.01999664
2015-07-29,289.85583635,2108.57006836,105.16999817
2015-07-30,288.23626067,2108.62988281,104.26999664
2015-07-31,284.59732437,2103.84008789,104.93000031
2015-08-01,281.66884629,,
2015-08-02,282.42300643,,
2015-08-03,282.18505231,2098.04003906,104.09999847
2015-08-04,285.28661748,2093.32006836,104.30999756
2015-08-05,282.33888691,2099.84008789,103.93000031
2015-08-06,278.99574868,2083.56005859,104.38999939
2015-08-07,279.48871508,2077.57006836,104.65000153
2015-08-08,261.45027557,,
2015-08-09,266.34202046,,
2015-08-10,264.92882525,2104.17993164,105.72000122
2015-08-11,271.42173612,2084.07006836,106.26000214
2015-08-12,268.14386850,2086.05004883,107.75000000
2015-08-13,264.69162800,2083.38989258,106.86000061
2015-08-14,266.35594155,2091.54003906,106.84999847
2015-08-15,261.93683665,,
2015-08-16,258.93081739,,
2015-08-17,258.00939831,2102.43994141,107.12999725
2015-08-18,217.88588312,2096.91992188,107.11000061
2015-08-19,227.21825190,2079.61010742,108.55000305
2015-08-20,235.52388311,2035.72998047,110.44000244
2015-08-21,232.80061784,1970.89001465,111.12999725
2015-08-22,230.63917329,,
2015-08-23,228.67307393,,
2015-08-24,211.95591759,1893.20996094,110.52999878
2015-08-25,222.65503945,1867.60998535,109.16000366
2015-08-26,226.11670018,1940.51000977,107.66999817
2015-08-27,224.93987726,1987.66003418,107.73000336
2015-08-28,232.17080830,1988.86999512,108.69999695
2015-08-29,229.82620018,,
2015-08-30,229.01957247,,
2015-08-31,230.68946610,1972.18005371,108.81999969
2015-09-01,227.95557043,1913.84997559,109.19999695
2015-09-02,229.50218071,1948.85998535,108.62000275
2015-09-03,227.10712157,1951.13000488,107.83999634
2015-09-04,231.17756341,1921.21997070,107.48999786
2015-09-05,235.90300614,,
2015-09-06,240.80547224,,
2015-09-07,240.63361572,,
2015-09-08,244.17495266,1969.41003418,107.51999664
2015-09-09,238.72246318,1942.04003906,106.12999725
2015-09-10,238.75047721,1952.29003906,106.37999725
2015-09-11,240.84500812,1961.05004883,106.16000366
2015-09-12,236.35183218,,
2015-09-13,230.54883732,,
2015-09-14,230.94879398,1953.03002930,106.22000122
2015-09-15,230.39859001,1978.08996582,105.90000153
2015-09-16,229.04328580,1995.31005859,107.30999756
2015-09-17,233.20269784,1990.19995117,108.41000366
2015-09-18,233.17513092,1958.03002930,109.20999908
2015-09-19,232.24156809,,
2015-09-20,231.36232379,,
2015-09-21,226.77344798,1966.96997070,108.52999878
2015-09-22,230.62630479,1942.73999023,107.79000092
2015-09-23,230.13243776,1938.76000977,108.22000122
2015-09-24,234.31986850,1932.23999023,110.48999786
2015-09-25,235.53822180,1931.33996582,109.80999756
2015-09-26,234.59181444,,
2015-09-27,233.24330976,,
2015-09-28,240.01726534,1881.77001953,108.41999817
2015-09-29,237.33623378,1884.08996582,107.98000336
2015-09-30,236.73984804,1920.03002930,106.86000061
2015-10-01,238.22981385,1923.81994629,106.73000336
2015-10-02,237.93700731,1951.35998535,108.98999786
2015-10-03,239.73589772,,
2015-10-04,239.51692490,,
2015-10-05,240.96121383,1987.05004883,108.76999664
2015-10-06,246.94049825,1979.92004395,109.86000061
2015-10-07,243.73448685,1995.82995605,109.69999695
2015-10-08,243.02963296,2013.43005371,109.13999939
2015-10-09,244.44888749,2014.89001465,110.87000275
2015-10-10,245.95592431,,
2015-10-11,248.52816540,,
2015-10-12,246.09363735,2017.45996094,111.30999756
2015-10-13,250.47130070,2003.68994141,111.86000061
2015-10-14,253.14232554,1994.23999023,113.80999756
2015-10-15,254.69301500,2023.85998535,113.29000092
2015-10-16,262.73736324,2033.10998535,112.48999786
2015-10-17,271.93093892,,
2015-10-18,263.48167738,,
2015-10-19,264.36272823,2033.66003418,112.01999664
2015-10-20,270.83221186,2030.77001953,112.73000336
2015-10-21,268.04021771,2018.93994141,111.73000336
2015-10-22,275.41495646,2052.51000977,111.69000244
2015-10-23,278.61277803,2075.14990234,111.50000000
2015-10-24,283.61114290,,
2015-10-25,286.04969345,,
2015-10-26,286.70338282,2071.17993164,111.43000031
2015-10-27,295.56291379,2065.88989258,111.68000031
2015-10-28,304.44209702,2090.35009766,110.77999878
2015-10-29,314.87946230,2089.40991211,109.72000122
2015-10-30,328.49232116,2079.36010742,109.30000305
2015-10-31,314.11950818,,
2015-11-01,329.85422764,,
2015-11-02,364.61662800,2104.05004883,108.58999634
2015-11-03,400.92310520,2109.79003906,106.98000336
2015-11-04,405.48168147,2102.31005859,105.97000122
2015-11-05,384.34122297,2099.92993164,105.63999939
2015-11-06,372.97541788,2099.19995117,104.09999847
2015-11-07,386.50455085,,
2015-11-08,372.40012975,,
2015-11-09,380.49564436,2078.58007812,104.40000153
2015-11-10,337.83050234,2081.71997070,104.18000031
2015-11-11,308.92218586,2075.00000000,103.83000183
2015-11-12,337.52298860,2045.96997070,103.84999847
2015-11-13,337.27895821,2023.04003906,103.55999756
2015-11-14,333.04711748,,
2015-11-15,319.92802162,,
2015-11-16,331.13272501,2053.18994141,103.70999908
2015-11-17,335.84978609,2050.43994141,102.33999634
2015-11-18,335.74450497,2083.58007812,102.43000031
2015-11-19,326.23214553,2081.23999023,103.55999756
2015-11-20,321.94047545,2089.16992188,103.08999634
2015-11-21,325.90523115,,
2015-11-22,323.71696610,,
2015-11-23,323.01255634,2086.59008789,102.26000214
2015-11-24,319.96135653,2089.13989258,102.94000244
2015-11-25,328.96045733,2088.87011719,102.45999908
2015-11-26,356.25529252,,
2015-11-27,359.26882437,2090.11010742,101.25000000
2015-11-28,356.56732262,,
2015-11-29,371.70761251,,
2015-11-30,377.38983986,2080.40991211,101.91999817
2015-12-01,362.53237580,2102.62988281,102.27999878
2015-12-02,359.22240415,2079.51000977,100.69000244
2015-12-03,361.21006809,2049.62011719,101.76000214
2015-12-04,363.24163179,2091.68994141,104.01999664
2015-12-05,389.36295880,,
2015-12-06,393.31912975,,
2015-12-07,395.34658825,2077.07006836,102.66999817
2015-12-08,413.79866043,2063.59008789,102.83999634
2015-12-09,417.63267124,2047.61999512,102.63999939
2015-12-10,415.72992431,2052.22998047,102.55000305
2015-12-11,453.86148013,2012.36999512,103.11000061
2015-12-12,435.85572238,,
2015-12-13,434.40346639,,
2015-12-14,442.99168966,2021.93994141,101.79000092
2015-12-15,464.61787171,2043.41003418,101.51999664
2015-12-16,454.14249240,2073.07006836,102.75000000
2015-12-17,456.24013461,2041.89001465,100.50000000
2015-12-18,463.17576973,2005.55004883,102.04000092
2015-12-19,461.39990795,,
2015-12-20,442.15399006,,
2015-12-21,437.64012946,2021.15002441,103.15000153
2015-12-22,435.26837902,2038.96997070,102.61000061
2015-12-23,442.66572706,2064.29003906,102.30999756
2015-12-24,455.87871303,2060.98999023,103.05000305
2015-12-25,455.71882583,,
2015-12-26,418.22153156,,
2015-12-27,422.70589451,,
2015-12-28,421.05287960,2056.50000000,102.26999664
2015-12-29,431.34002133,2078.36010742,102.19999695
2015-12-30,426.04364699,2063.36010742,101.41999817
2015-12-31,429.67715342,2043.93994141,101.45999908
2016-01-01,434.67800643,,
2016-01-02,434.43987726,,
2016-01-03,430.13618001,,
2016-01-04,433.44897107,2012.66003418,102.88999939
2016-01-05,432.66950263,2016.70996094,103.18000031
2016-01-06,430.67786967,1990.26000977,104.66999817
2016-01-07,459.20894009,1943.08996582,106.15000153
2016-01-08,454.13442373,1922.03002930,105.68000031
2016-01-09,449.84521625,,
2016-01-10,448.58021625,,
2016-01-11,449.03305903,1923.67004395,104.73999786
2016-01-12,441.76815722,1938.68005371,104.20999908
2016-01-13,432.31064524,1890.28002930,104.72000122
2016-01-14,429.82322472,1921.83996582,103.01999664
2016-01-15,367.82319988,1880.32995605,104.08000183
2016-01-16,388.07120456,,
2016-01-17,382.48208650,,
2016-01-18,384.86516657,,
2016-01-19,378.16172501,1881.32995605,103.98000336
2016-01-20,420.62292417,1859.32995605,105.37000275
2016-01-21,409.29845967,1868.98999023,105.48999786
2016-01-22,381.04645938,1906.90002441,105.00000000
2016-01-23,386.37060257,,
2016-01-24,403.44692665,,
2016-01-25,391.98609731,1877.07995605,106.08000183
2016-01-26,391.14293513,1903.63000488,107.29000092
2016-01-27,394.62753037,1882.94995117,107.69000244
2016-01-28,378.90099562,1893.35998535,106.54000092
2016-01-29,378.99999482,1940.23999023,106.94999695
2016-01-30,377.26277908,,
2016-01-31,366.34168761,,
2016-02-01,371.22343509,1939.38000488,108.05000305
2016-02-02,372.92763121,1903.03002930,108.08999634
2016-02-03,368.09820660,1912.53002930,109.25000000
2016-02-04,389.72308124,1915.44995117,110.56999969
2016-02-05,384.39841398,1880.05004883,112.31999969
2016-02-06,374.63155552,,
2016-02-07,375.15391759,,
2016-02-08,370.81435033,1853.43994141,113.83000183
2016-02-09,373.51161286,1852.20996094,113.58000183
2016-02-10,379.08261163,1851.85998535,114.45999908
2016-02-11,377.63916511,1829.07995605,119.05999756
2016-02-12,382.29445646,1864.78002930,118.36000061
2016-02-13,389.59843247,,
2016-02-14,406.15066949,,
2016-02-15,399.26761865,,
2016-02-16,407.03530947,1895.57995605,114.76999664
2016-02-17,415.32411338,1926.81994629,115.48000336
2016-02-18,421.28966298,1917.82995605,118.29000092
2016-02-19,419.62652854,1917.78002930,117.58000183
2016-02-20,440.19576008,,
2016-02-21,438.71861268,,
2016-02-22,437.53529509,1945.50000000,115.48999786
2016-02-23,420.03259261,1921.27001953,117.22000122
2016-02-24,423.99511251,1929.80004883,117.61000061
2016-02-25,424.09087025,1951.69995117,117.91999817
2016-02-26,431.76224196,1948.05004883,117.11000061
2016-02-27,432.94784600,,
2016-02-28,433.10226271,,
2016-02-29,437.77587259,1932.22998047,118.63999939
2016-03-01,432.80786715,1978.34997559,117.76999664
2016-03-02,423.07978939,1986.44995117,118.68000031
2016-03-03,419.26882133,1993.40002441,120.73000336
2016-03-04,407.99015430,1999.98999023,120.54000092
2016-03-05,397.31445395,,
2016-03-06,403.70518746,,
2016-03-07,413.22936616,2001.76000977,121.13999939
2016-03-08,411.42595324,1979.26000977,120.58000183
2016-03-09,412.54070351,1989.26000977,119.58000183
2016-03-10,416.34092870,1989.56994629,121.50000000
2016-03-11,419.51193425,2022.18994141,119.41000366
2016-03-12,410.26416330,,
2016-03-13,411.80588247,,
2016-03-14,415.02695728,2019.64001465,117.87000275
2016-03-15,415.26640029,2015.93005371,117.95999908
2016-03-16,417.02411847,2027.21997070,120.58999634
2016-03-17,418.60536382,2040.58996582,120.12999725
2016-03-18,408.90158741,2049.58007812,119.80000305
2016-03-19,409.12442987,,
2016-03-20,412.05695383,,
2016-03-21,411.60177405,2051.60009766,118.95999908
2016-03-22,416.58165383,2049.80004883,119.30999756
2016-03-23,417.37829953,2036.70996094,116.61000061
2016-03-24,413.56023992,2035.93994141,116.33000183
2016-03-25,416.37324383,,
2016-03-26,416.82309667,,
2016-03-27,425.45495985,,
2016-03-28,422.91744681,2037.05004883,116.59999847
2016-03-29,415.86382876,2055.01000977,118.76000214
2016-03-30,412.77769778,2063.94995117,117.09999847
2016-03-31,415.95681122,2059.73999023,117.63999939
2016-04-01,417.20066026,2072.78002930,116.93000031
2016-04-02,419.76305669,,
2016-04-03,420.07357890,,
2016-04-04,419.54072788,2066.12988281,116.15000153
2016-04-05,422.50136441,2045.17004395,117.66000366
2016-04-06,421.90719123,2066.65991211,116.94000244
2016-04-07,421.46722005,2041.91003418,118.61000061
2016-04-08,418.64346055,2047.59997559,118.43000031
2016-04-09,418.75863536,,
2016-04-10,421.95448854,,
2016-04-11,423.27304401,2041.98999023,120.02999878
2016-04-12,427.42766458,2061.71997070,120.05000305
2016-04-13,424.87251812,2082.41992188,118.76999664
2016-04-14,425.85659497,2082.78002930,117.11000061
2016-04-15,430.72441876,2080.72998047,117.91999817
2016-04-16,432.21631303,,
2016-04-17,429.33996873,,
2016-04-18,429.65693366,2094.34008789,117.73999786
2016-04-19,437.56872618,2100.80004883,119.58000183
2016-04-20,442.66165330,2102.39990234,118.97000122
2016-04-21,452.16470281,2091.47998047,119.41999817
2016-04-22,448.13442133,2091.58007812,117.88999939
2016-04-23,453.91472297,,
2016-04-24,463.38287142,,
2016-04-25,465.31600666,2087.79003906,118.23000336
2016-04-26,469.60876452,2091.69995117,118.69999695
2016-04-27,445.74111309,2095.14990234,119.04000092
2016-04-28,451.06006178,2075.81005859,121.29000092
2016-04-29,457.00996523,2065.30004883,123.65000153
2016-04-30,449.90048451,,
2016-05-01,455.01073115,,
2016-05-02,444.93306119,2081.42993164,123.23999786
2016-05-03,451.62885038,2063.37011719,122.95999908
2016-05-04,448.36796756,2051.12011719,122.20999908
2016-05-05,449.33607247,2050.62988281,122.06999969
2016-05-06,461.69386236,2057.13989258,123.18000031
2016-05-07,461.36184249,,
2016-05-08,461.37887230,,
2016-05-09,463.46223168,2058.68994141,120.65000153
2016-05-10,451.07966832,2084.38989258,120.98000336
2016-05-11,453.89630526,2064.45996094,122.12000275
2016-05-12,455.60725593,2064.11010742,121.16000366
2016-05-13,457.24190269,2046.60998535,121.70999908
2016-05-14,458.11952484,,
2016-05-15,460.85772063,,
2016-05-16,455.22407732,2066.65991211,121.80000305
2016-05-17,453.54577703,2047.20996094,122.22000122
2016-05-18,454.48618410,2047.63000488,120.09999847
2016-05-19,437.72418714,2040.04003906,119.87000275
2016-05-20,442.39679924,2052.32006836,119.70999908
2016-05-21,444.07820719,,
2016-05-22,440.55866885,,
2016-05-23,444.20505728,2048.04003906,119.37000275
2016-05-24,445.67445494,2076.06005859,117.30000305
2016-05-25,450.54952718,2090.54003906,116.98000336
2016-05-26,454.43372238,2090.10009766,116.58000183
2016-05-27,471.82011730,2099.06005859,115.62000275
2016-05-28,530.91059790,,
2016-05-29,527.54971245,,
2016-05-30,533.49314904,,
2016-05-31,530.94369281,2096.94995117,116.05999756
2016-06-01,537.61367884,2099.33007812,115.94000244
2016-06-02,538.77124319,2105.26000977,115.66999817
2016-06-03,570.17598825,2099.12988281,118.87999725
2016-06-04,574.26620164,,
2016-06-05,575.13763805,,
2016-06-06,585.85714904,2109.40991211,118.91999817
2016-06-07,578.46924068,2112.12988281,118.81999969
2016-06-08,583.09758533,2119.12011719,120.58000183
2016-06-09,577.10169971,2115.47998047,121.25000000
2016-06-10,579.81499357,2096.07006836,121.73999786
2016-06-11,605.44955698,,
2016-06-12,670.39237434,,
2016-06-13,704.32177814,2079.06005859,122.63999939
2016-06-14,684.94831940,2075.32006836,122.76999664
2016-06-15,695.00146844,2071.50000000,123.68000031
2016-06-16,767.42003127,2077.98999023,122.37999725
2016-06-17,750.01463393,2071.21997070,123.94999695
2016-06-18,758.28878013,,
2016-06-19,766.76713267,,
2016-06-20,722.49745237,2083.25000000,123.20999908
2016-06-21,669.60420468,2088.89990234,120.83999634
2016-06-22,594.83297463,2085.44995117,120.90000153
2016-06-23,627.67785564,2113.32006836,120.11000061
2016-06-24,664.12698568,2037.41003418,126.00000000
2016-06-25,668.87268410,,
2016-06-26,630.43424214,,
2016-06-27,652.24480771,2000.54003906,126.68000031
2016-06-28,647.21876838,2036.08996582,125.31999969
2016-06-29,638.58634565,2070.77001953,125.83999634
2016-06-30,674.28481473,2098.86010742,126.47000122
2016-07-01,677.51238574,2102.94995117,128.41000366
2016-07-02,702.73931677,,
2016-07-03,662.55008591,,
2016-07-04,679.84245336,,
2016-07-05,668.16598130,2088.55004883,129.47000122
2016-07-06,677.65133314,2099.72998047,130.22999573
2016-07-07,640.05323612,2097.89990234,129.74000549
2016-07-08,665.05170836,2129.89990234,130.52000427
2016-07-09,651.94191403,,
2016-07-10,649.95934097,,
2016-07-11,650.27259468,2137.15991211,129.28999329
2016-07-12,670.02312800,2152.13989258,127.15000153
2016-07-13,658.33361338,2152.42993164,128.32000732
2016-07-14,660.90596020,2163.75000000,127.33000183
2016-07-15,666.75867113,2161.73999023,126.83999634
2016-07-16,665.27562215,,
2016-07-17,681.08960199,,
2016-07-18,675.11857919,2166.88989258,127.04000092
2016-07-19,674.66036032,2163.78002930,127.20999908
2016-07-20,667.30536487,2173.02001953,125.38999939
2016-07-21,666.85173933,2165.16992188,127.30000305
2016-07-22,650.56291163,2175.03002930,126.34999847
2016-07-23,657.37794296,,
2016-07-24,661.39397984,,
2016-07-25,655.11957785,2168.47998047,125.47000122
2016-07-26,654.62633916,2169.17993164,126.00000000
2016-07-27,656.27514687,2166.58007812,128.02999878
2016-07-28,656.19645336,2170.06005859,127.66000366
2016-07-29,657.55756750,2173.60009766,128.97999573
2016-07-30,655.36173016,,
2016-07-31,624.80448714,,
2016-08-01,606.50924793,2170.84008789,129.22000122
2016-08-02,526.98114833,2157.03002930,130.27000427
2016-08-03,570.34704091,2163.79003906,129.64999390
2016-08-04,583.54215804,2164.25000000,129.86999512
2016-08-05,581.27980567,2182.87011719,127.55000305
2016-08-06,590.79540298,,
2016-08-07,594.73232402,,
2016-08-08,591.62928387,2180.88989258,127.44000244
2016-08-09,587.93213822,2181.73999023,127.95999908
2016-08-10,589.96875833,2175.48999023,128.55999756
2016-08-11,589.58588469,2185.79003906,127.66999817
2016-08-12,587.19164956,2184.05004883,127.40000153
2016-08-13,585.36358165,,
2016-08-14,571.38706254,,
2016-08-15,566.56444132,2190.14990234,127.83999634
2016-08-16,578.41492414,2178.14990234,128.47000122
2016-08-17,573.66374442,2182.21997070,128.50000000
2016-08-18,573.26319199,2187.02001953,129.11000061
2016-08-19,573.95845792,2183.87011719,127.97000122
2016-08-20,581.79707013,,
2016-08-21,580.79219258,,
2016-08-22,584.97189772,2182.63989258,127.77999878
2016-08-23,582.62774740,2186.89990234,127.76000214
2016-08-24,578.70183168,2175.43994141,126.33999634
2016-08-25,576.03343659,2172.46997070,126.23000336
2016-08-26,578.87465342,2169.04003906,126.05000305
2016-08-27,570.20099375,,
2016-08-28,575.10523255,,
2016-08-29,573.42926756,2180.37988281,126.30000305
2016-08-30,575.69569842,2176.12011719,125.02999878
2016-08-31,572.27275833,2170.94995117,124.77999878
2016-09-01,572.22170205,2170.86010742,125.29000092
2016-09-02,576.84676739,2179.97998047,126.56999969
2016-09-03,600.37440678,,
2016-09-04,610.53891333,,
2016-09-05,607.52696417,,
2016-09-06,612.99545827,2186.47998047,128.71000671
2016-09-07,615.65981911,2186.15991211,128.27000427
2016-09-08,630.55017200,2181.30004883,127.58999634
2016-09-09,622.97788404,2127.81005859,126.75000000
2016-09-10,624.75264044,,
2016-09-11,608.24667592,,
2016-09-12,607.70737271,2159.04003906,126.58999634
2016-09-13,608.69429632,2127.02001953,125.75000000
2016-09-14,609.41308767,2125.77001953,126.18000031
2016-09-15,607.07026259,2147.26000977,125.37000275
2016-09-16,607.80643805,2139.15991211,125.05999756
2016-09-17,607.38144968,,
2016-09-18,611.53346032,,
2016-09-19,608.87130631,2139.12011719,125.31999969
2016-09-20,608.37174863,2139.76000977,125.44000244
2016-09-21,596.94575663,2163.12011719,127.26999664
2016-09-22,595.56471654,2177.17993164,127.56999969
2016-09-23,602.37878492,2164.68994141,127.65000153
2016-09-24,602.68735973,,
2016-09-25,600.61005488,,
2016-09-26,606.77881064,2146.10009766,127.55000305
2016-09-27,605.15161373,2159.92993164,126.62000275
2016-09-28,604.68649439,2171.37011719,126.22000122
2016-09-29,605.20256195,2151.12988281,126.06999969
2016-09-30,608.86584074,2168.27001953,125.63999939
2016-10-01,615.40847884,,
2016-10-02,611.74857832,,
2016-10-03,612.59034740,2161.19995117,125.31999969
2016-10-04,610.00788136,2150.48999023,120.97000122
2016-10-05,612.14778095,2159.72998047,120.77999878
2016-10-06,611.76086277,2160.77001953,119.66000366
2016-10-07,617.90570514,2153.73999023,119.73999786
2016-10-08,619.30100175,,
2016-10-09,617.10104132,,
2016-10-10,618.08520000,2163.65991211,120.16000366
2016-10-11,642.98138726,2136.72998047,119.55000305
2016-10-12,636.59793220,2139.17993164,119.73999786
2016-10-13,635.44409532,2132.55004883,120.02999878
2016-10-14,639.58609030,2132.97998047,119.36000061
2016-10-15,637.28375932,,
2016-10-16,642.91304255,,
2016-10-17,639.13753647,2126.50000000,119.68000031
2016-10-18,635.57650859,2139.60009766,120.41999817
2016-10-19,629.64070804,2144.29003906,121.11000061
2016-10-20,628.59890111,2141.34008789,120.73999786
2016-10-21,630.90620339,2141.15991211,120.83000183
2016-10-22,654.50863098,,
2016-10-23,651.96195675,,
2016-10-24,650.02716715,2151.33007812,120.55999756
2016-10-25,655.79250508,2143.15991211,121.47000122
2016-10-26,675.10986932,2139.42993164,120.79000092
2016-10-27,686.52332706,2133.04003906,121.01000214
2016-10-28,690.39065494,2126.40991211,121.58000183
2016-10-29,715.44546932,,
2016-10-30,699.33341099,,
2016-10-31,698.89772800,2126.14990234,121.94000244
2016-11-01,730.57848001,2111.71997070,122.73000336
2016-11-02,740.36705552,2097.93994141,123.63999939
2016-11-03,689.93920695,2088.65991211,124.30000305
2016-11-04,705.43201666,2085.17993164,124.38999939
2016-11-05,706.81932557,,
2016-11-06,715.89687978,,
2016-11-07,706.18121677,2131.52001953,122.15000153
2016-11-08,711.83584658,2139.56005859,121.63999939
2016-11-09,721.50150994,2163.26000977,121.55999756
2016-11-10,713.40761560,2167.47998047,119.75000000
2016-11-11,715.70331064,2164.44995117,117.09999847
2016-11-12,703.84755114,,
2016-11-13,703.62643530,,
2016-11-14,705.64358416,2164.19995117,116.11000061
2016-11-15,712.34715283,2180.38989258,117.12000275
2016-11-16,742.05011759,2176.93994141,116.76999664
2016-11-17,735.31808054,2187.12011719,116.16999817
2016-11-18,749.57872729,2181.89990234,115.15000153
2016-11-19,751.21381940,,
2016-11-20,730.35081362,,
2016-11-21,736.50698393,2198.17993164,115.58000183
2016-11-22,747.99767797,2202.93994141,115.54000092
2016-11-23,741.24031794,2204.71997070,113.25000000
2016-11-24,737.35497598,,
2016-11-25,739.68520018,2213.35009766,112.61000061
2016-11-26,734.65292589,,
2016-11-27,727.74111584,,
2016-11-28,730.08248375,2201.71997070,113.80000305
2016-11-29,731.64643571,2204.65991211,113.26999664
2016-11-30,742.20445132,2198.81005859,111.75000000
2016-12-01,753.67491011,2191.08007812,111.54000092
2016-12-02,772.30238273,2191.94995117,112.13999939
2016-12-03,766.11046815,,
2016-12-04,766.38013910,,
2016-12-05,752.67072624,2204.70996094,111.54000092
2016-12-06,759.11732577,2212.22998047,111.43000031
2016-12-07,764.98765009,2241.35009766,111.83000183
2016-12-08,767.65922463,2246.18994141,111.56999969
2016-12-09,771.90232110,2259.53002930,110.40000153
2016-12-10,775.47456131,,
2016-12-11,770.49615050,,
2016-12-12,778.50659906,2256.95996094,110.81999969
2016-12-13,778.93069456,2271.71997070,110.44999695
2016-12-14,776.96396148,2253.28002930,108.83000183
2016-12-15,776.17678200,2262.03002930,107.33999634
2016-12-16,782.23021590,2258.07006836,108.05000305
2016-12-17,789.60293220,,
2016-12-18,790.63296653,,
2016-12-19,790.27903168,2262.53002930,108.58999634
2016-12-20,799.77752075,2270.76000977,107.79000092
2016-12-21,828.48367925,2265.17993164,107.84999847
2016-12-22,858.50143396,2260.95996094,107.58999634
2016-12-23,915.56243834,2263.79003906,107.93000031
2016-12-24,891.15527206,,
2016-12-25,896.00327931,,
2016-12-26,903.20124664,,
2016-12-27,925.95081046,2268.87988281,108.55999756
2016-12-28,979.96097399,2249.91992188,108.86000061
2016-12-29,973.46255944,2249.26000977,110.29000092
2016-12-30,961.18265815,2238.83007812,109.61000061
2016-12-31,968.97059702,,
2017-01-01,997.25735798,,
2017-01-02,1017.07788609,,
2017-01-03,1032.60905319,2257.83007812,110.47000122
2017-01-04,1134.49644535,2270.75000000,110.86000061
2017-01-05,1000.49812893,2269.00000000,112.58000183
2017-01-06,892.46395564,2276.97998047,111.75000000
2017-01-07,903.45328364,,
2017-01-08,912.48499708,,
2017-01-09,903.50866680,2268.89990234,112.66999817
2017-01-10,906.49894740,2268.89990234,113.15000153
2017-01-11,788.31465599,2275.32006836,113.50000000
2017-01-12,807.10983355,2270.43994141,113.91000366
2017-01-13,826.74692741,2274.63989258,114.20999908
2017-01-14,820.04515728,,
2017-01-15,824.54706517,,
2017-01-16,830.83803507,,
2017-01-17,906.02682811,2267.88989258,115.84999847
2017-01-18,881.25981537,2271.88989258,114.87000275
2017-01-19,902.26386996,2263.68994141,114.76999664
2017-01-20,895.17451619,2271.31005859,115.05000305
2017-01-21,924.46825950,,
2017-01-22,922.46707738,,
2017-01-23,919.11574413,2265.19995117,115.79000092
2017-01-24,887.74319380,2280.07006836,115.26999664
2017-01-25,895.69003326,2298.37011719,114.31999969
2017-01-26,916.66746856,2296.67993164,113.26000214
2017-01-27,920.45446347,2294.68994141,113.48999786
2017-01-28,922.77494857,,
2017-01-29,915.63202314,,
2017-01-30,920.31326078,2280.89990234,113.97000122
2017-01-31,968.49910567,2278.87011719,115.55000305
2017-02-01,987.53259041,2279.55004883,115.19999695
2017-02-02,1007.70436598,2280.85009766,115.83999634
2017-02-03,1015.30203945,2297.41992188,116.12999725
2017-02-04,1033.78597300,,
2017-02-05,1014.56787575,,
2017-02-06,1023.31748118,2292.56005859,117.69999695
2017-02-07,1053.62445903,2293.08007812,117.45999908
2017-02-08,1052.36764535,2294.66992188,118.19000244
2017-02-09,982.75193945,2307.87011719,117.29000092
2017-02-10,996.65015313,2316.10009766,117.59999847
2017-02-11,1011.37532221,,
2017-02-12,1006.29646487,,
2017-02-13,999.95318498,2328.25000000,116.80000305
2017-02-14,1012.21346353,2337.58007812,116.93000031
2017-02-15,1013.90384050,2349.25000000,117.44999695
2017-02-16,1036.80686476,2347.21997070,118.08000183
2017-02-17,1058.66992034,2351.15991211,117.68000031
2017-02-18,1060.66880488,,
2017-02-19,1058.78640035,,
2017-02-20,1088.68842922,,
2017-02-21,1128.85529316,2365.37988281,117.75000000
2017-02-22,1129.70179065,2362.82006836,117.91000366
2017-02-23,1188.86178551,2363.81005859,118.94000244
2017-02-24,1185.48889158,2367.34008789,119.69999695
2017-02-25,1151.60473688,,
2017-02-26,1181.71086587,,
2017-02-27,1194.15245015,2369.75000000,119.12000275
2017-02-28,1188.39994074,2363.63989258,119.23000336
2017-03-01,1228.45965061,2395.95996094,119.05999756
2017-03-02,1262.93146739,2381.91992188,117.58000183
2017-03-03,1289.36319112,2383.12011719,117.51000214
2017-03-04,1268.94066441,,
2017-03-05,1276.27368293,,
2017-03-06,1282.25465663,2375.31005859,116.72000122
2017-03-07,1234.47646207,2368.38989258,115.77999878
2017-03-08,1152.13938925,2362.97998047,115.05999756
2017-03-09,1193.45552659,2364.87011719,114.47000122
2017-03-10,1098.53014904,2372.60009766,114.72000122
2017-03-11,1176.82292139,,
2017-03-12,1231.74835663,,
2017-03-13,1239.39629632,2373.46997070,114.73999786
2017-03-14,1246.53656487,2365.44995117,114.12000275
2017-03-15,1258.65138147,2385.26000977,116.25000000
2017-03-16,1178.02075038,2381.37988281,116.73000336
2017-03-17,1072.08253816,2378.25000000,116.98999786
2017-03-18,962.56905617,,
2017-03-19,1020.22025354,,
2017-03-20,1037.75634588,2373.46997070,117.51000214
2017-03-21,1111.81826359,2344.02001953,118.54000092
2017-03-22,1037.30257013,2348.44995117,118.83000183
2017-03-23,1028.17285628,2345.95996094,118.66999817
2017-03-24,935.06349620,2343.97998047,118.86000061
2017-03-25,968.54332928,,
2017-03-26,962.95805459,,
2017-03-27,1042.91919778,2341.59008789,119.52999878
2017-03-28,1045.16293162,2358.57006836,119.04000092
2017-03-29,1039.68861578,2361.12988281,119.33000183
2017-03-30,1037.98766143,2368.06005859,118.47000122
2017-03-31,1081.74353109,2362.71997070,118.72000122
2017-04-01,1089.52477183,,
2017-04-02,1105.56295576,,
2017-04-03,1144.66477101,2358.84008789,119.34999847
2017-04-04,1141.92191870,2360.15991211,119.62000275
2017-04-05,1135.81164378,2352.94995117,119.62000275
2017-04-06,1194.59645938,2357.48999023,119.18000031
2017-04-07,1191.73145108,2355.54003906,119.45999908
2017-04-08,1184.41772034,,
2017-04-09,1213.63413980,,
2017-04-10,1211.64987621,2357.15991211,119.45999908
2017-04-11,1229.78493290,2353.78002930,121.19000244
2017-04-12,1216.11436786,2344.92993164,122.01999664
2017-04-13,1172.55833968,2328.94995117,122.59999847
2017-04-14,1174.33323355,,
2017-04-15,1175.56218901,,
2017-04-16,1173.69137989,,
2017-04-17,1191.90120146,2349.01000977,122.23999786
2017-04-18,1202.13145804,2342.18994141,122.81999969
2017-04-19,1209.56090888,2338.16992188,121.73000336
2017-04-20,1235.80307452,2355.84008789,121.95999908
2017-04-21,1247.33607025,2348.68994141,122.30999756
2017-04-22,1243.55039258,,
2017-04-23,1250.00148323,,
2017-04-24,1257.23944226,2374.14990234,121.48000336
2017-04-25,1279.86471742,2388.61010742,120.25000000
2017-04-26,1296.48545745,2387.44995117,120.83999634
2017-04-27,1345.88995567,2388.77001953,120.38999939
2017-04-28,1347.98515552,2384.19995117,120.76999664
2017-04-29,1357.71525342,,
2017-04-30,1381.95637230,,
2017-05-01,1436.94148802,2388.33007812,119.66999817
2017-05-02,1463.81906847,2391.16992188,119.65000153
2017-05-03,1519.40894448,2388.12988281,117.98000336
2017-05-04,1539.83005155,2389.52001953,116.79000092
2017-05-05,1529.85044302,2399.29003906,117.01000214
2017-05-06,1573.28550961,,
2017-05-07,1526.26777171,,
2017-05-08,1685.08649632,2399.37988281,116.75000000
2017-05-09,1719.22801356,2396.91992188,116.05000305
2017-05-10,1782.49900000,2399.62988281,116.04000092
2017-05-11,1835.48754822,2394.43994141,116.50000000
2017-05-12,1704.66164109,2390.89990234,116.83000183
2017-05-13,1779.84025669,,
2017-05-14,1794.59355056,,
2017-05-15,1736.88284611,2402.32006836,117.13999939
2017-05-16,1757.02694857,2400.66992188,117.65000153
2017-05-17,1808.74606470,2357.03002930,119.79000092
2017-05-18,1894.24726455,2365.71997070,118.80999756
2017-05-19,1967.54554769,2381.72998047,119.40000153
2017-05-20,2048.11767800,,
2017-05-21,2045.22249316,,
2017-05-22,2078.94350003,2394.02001953,119.90000153
2017-05-23,2257.28836382,2398.41992188,119.13999939
2017-05-24,2415.00722665,2404.38989258,119.61000061
2017-05-25,2319.60137867,2415.07006836,119.48000336
2017-05-26,2279.41858364,2415.82006836,120.54000092
2017-05-27,2044.30049982,,
2017-05-28,2225.70086663,,
2017-05-29,2284.71579749,,
2017-05-30,2167.26447791,2412.90991211,120.13999939
2017-05-31,2299.43261026,2411.80004883,120.62000275
2017-06-01,2399.88763194,2430.06005859,120.72000122
2017-06-02,2479.42389433,2439.07006836,121.61000061
2017-06-03,2549.55195152,,
2017-06-04,2524.99383355,,
2017-06-05,2685.31891672,2436.10009766,121.73000336
2017-06-06,2871.34167735,2429.33007812,123.09999847
2017-06-07,2706.76000885,2433.13989258,122.44999695
2017-06-08,2802.56354681,2433.79003906,121.65000153
2017-06-09,2804.87226692,2431.77001953,120.54000092
2017-06-10,2916.32785979,,
2017-06-11,2974.21455921,,
2017-06-12,2665.43326996,2429.38989258,120.36000061
2017-06-13,2707.13782402,2440.35009766,120.48000336
2017-06-14,2443.82445137,2437.91992188,119.81999969
2017-06-15,2409.88676417,2432.45996094,119.31999969
2017-06-16,2476.35909538,2433.14990234,119.33999634
2017-06-17,2652.75536335,,
2017-06-18,2508.21420742,,
2017-06-19,2589.64221338,2453.45996094,118.43000031
2017-06-20,2733.22655628,2437.03002930,118.18000031
2017-06-21,2639.26131420,2435.61010742,118.51999664
2017-06-22,2686.64751432,2434.50000000,118.91999817
2017-06-23,2685.87047101,2438.30004883,119.43000031
2017-06-24,2562.18914874,,
2017-06-25,2497.72894138,,
2017-06-26,2426.36505120,2439.07006836,118.36000061
2017-06-27,2530.34553600,2419.37988281,118.80999756
2017-06-28,2562.79226420,2440.68994141,118.90000153
2017-06-29,2540.44303162,2419.69995117,118.31999969
2017-06-30,2452.71206429,2423.40991211,118.01999664
2017-07-01,2412.36621315,,
2017-07-02,2518.87218738,,
2017-07-03,2551.92743174,2429.01000977,116.08999634
2017-07-04,2599.74474991,,
2017-07-05,2608.10489117,2432.54003906,116.51999664
2017-07-06,2603.19547370,2409.75000000,116.47000122
2017-07-07,2495.78092221,2425.17993164,115.27999878
2017-07-08,2553.49415812,,
2017-07-09,2506.17321356,,
2017-07-10,2319.36689737,2427.42993164,115.47000122
2017-07-11,2319.16744062,2425.53002930,115.62000275
2017-07-12,2374.88626645,2443.25000000,116.02999878
2017-07-13,2343.73834825,2447.83007812,115.81999969
2017-07-14,2214.82523729,2459.27001953,116.76999664
2017-07-15,1989.63319024,,
2017-07-16,1910.74954161,,
2017-07-17,2215.74629614,2459.13989258,117.29000092
2017-07-18,2303.76114588,2460.61010742,118.11000061
2017-07-19,2257.06523589,2473.83007812,118.08000183
2017-07-20,2823.89792636,2473.44995117,118.23999786
2017-07-21,2666.13971829,2472.54003906,119.26000214
2017-07-22,2829.75405497,,
2017-07-23,2753.24386493,,
2017-07-24,2755.15952423,2469.90991211,119.30999756
2017-07-25,2558.69299895,2477.12988281,118.91999817
2017-07-26,2522.32464629,2477.83007812,119.87999725
2017-07-27,2665.14754649,2475.41992188,119.79000092
2017-07-28,2793.83348486,2472.10009766,120.69000244
2017-07-29,2706.45076546,,
2017-07-30,2749.38452770,,
2017-07-31,2862.61129088,2470.30004883,120.75000000
2017-08-01,2727.38918200,2476.35009766,120.65000153
2017-08-02,2690.14567198,2477.57006836,120.40000153
2017-08-03,2789.74631245,2472.15991211,120.58999634
2017-08-04,2860.27284325,2476.83007812,119.65000153
2017-08-05,3237.42336330,,
2017-08-06,3230.11670894,,
2017-08-07,3392.56241864,2480.90991211,119.51000214
2017-08-08,3425.67661660,2474.91992188,119.86000061
2017-08-09,3347.21543162,2474.02001953,121.30999756
2017-08-10,3437.03215546,2438.20996094,122.20999908
2017-08-11,3660.52053729,2441.32006836,122.79000092
2017-08-12,3871.08240620,,
2017-08-13,4063.80105272,,
2017-08-14,4304.60393121,2465.84008789,121.91999817
2017-08-15,4160.03054588,2464.61010742,120.98000336
2017-08-16,4364.67857463,2468.11010742,121.87000275
2017-08-17,4308.51686143,2430.01000977,122.48999786
2017-08-18,4108.50716219,2425.55004883,122.30000305
2017-08-19,4160.33245687,,
2017-08-20,4085.81039433,,
2017-08-21,3992.62603524,2428.37011719,122.76000214
2017-08-22,4074.33046125,2452.51000977,122.20999908
2017-08-23,4146.91534524,2444.04003906,122.66999817
2017-08-24,4325.81642800,2438.96997070,122.29000092
2017-08-25,4353.13177256,2443.05004883,122.73999786
2017-08-26,4341.97871677,,
2017-08-27,4344.90344477,,
2017-08-28,4379.76392069,2444.23999023,124.69000244
2017-08-29,4600.45683098,2446.30004883,124.41999817
2017-08-30,4586.63273670,2457.59008789,124.36000061
2017-08-31,4740.35621771,2471.64990234,125.81999969
2017-09-01,4918.16624489,2476.55004883,126.05999756
2017-09-02,4595.02001783,,
2017-09-03,4625.29631444,,
2017-09-04,4374.75349649,,
2017-09-05,4454.05253770,2457.85009766,127.45999908
2017-09-06,4607.51652981,2465.54003906,126.80999756
2017-09-07,4635.11187580,2465.10009766,128.13000488
2017-09-08,4345.45765634,2461.42993164,127.97000122
2017-09-09,4335.59344974,,
2017-09-10,4261.84352104,,
2017-09-11,4212.54757335,2488.11010742,126.19000244
2017-09-12,4164.31943425,2496.47998047,126.55999756
2017-09-13,3887.11858679,2498.37011719,125.61000061
2017-09-14,3247.46873904,2495.62011719,126.16000366
2017-09-15,3699.22294389,2500.22998047,125.52999878
2017-09-16,3711.23435067,,
2017-09-17,3711.85620397,,
2017-09-18,4080.42844302,2503.87011719,124.36000061
2017-09-19,3925.73619024,2506.64990234,124.62000275
2017-09-20,3895.77707861,2508.23999023,123.62000275
2017-09-21,3617.24346581,2500.60009766,122.68000031
2017-09-22,3619.21371829,2502.21997070,123.23999786
2017-09-23,3775.60059410,,
2017-09-24,3676.89694418,,
2017-09-25,3918.73807130,2496.65991211,124.52999878
2017-09-26,3890.09093688,2496.84008789,123.13999939
2017-09-27,4207.78748539,2507.04003906,121.98000336
2017-09-28,4187.76979632,2510.06005859,122.20999908
2017-09-29,4155.01011981,2519.36010742,121.58000183
2017-09-30,4334.54461251,,
2017-10-01,4382.08689801,,
2017-10-02,4386.87571508,2529.12011719,120.76999664
2017-10-03,4306.56464202,2534.58007812,120.83000183
2017-10-04,4216.68482145,2537.73999023,121.16999817
2017-10-05,4319.42091584,2552.07006836,120.51999664
2017-10-06,4365.91571040,2549.33007812,121.08999634
2017-10-07,4438.85593308,,
2017-10-08,4600.73979661,,
2017-10-09,4777.53465693,2544.72998047,122.08000183
2017-10-10,4741.07791496,2550.63989258,122.40000153
2017-10-11,4814.96711806,2555.23999023,122.79000092
2017-10-12,5393.66898276,2550.92993164,122.88999939
2017-10-13,5614.07751461,2553.16992188,123.81999969
2017-10-14,5785.73831502,,
2017-10-15,5689.86505961,,
2017-10-16,5756.14881181,2557.63989258,122.97000122
2017-10-17,5590.41632437,2559.36010742,122.12999725
2017-10-18,5583.87042577,2561.26000977,121.66999817
2017-10-19,5708.31299094,2562.10009766,122.38999939
2017-10-20,6000.88313033,2575.20996094,121.61000061
2017-10-21,6030.20789275,,
2017-10-22,5996.59813881,,
2017-10-23,5888.25001666,2564.97998047,121.80000305
2017-10-24,5517.77535330,2569.12988281,121.33000183
2017-10-25,5736.01780158,2557.14990234,121.34999847
2017-10-26,5900.31772911,2560.39990234,120.33000183
2017-10-27,5771.94504617,2581.07006836,120.90000153
2017-10-28,5762.38857686,,
2017-10-29,6174.72884483,,
2017-10-30,6119.25638399,2572.83007812,121.12999725
2017-10-31,6428.51463705,2575.26000977,120.66999817
2017-11-01,6726.41183460,2579.36010742,121.11000061
2017-11-02,7043.77793892,2579.85009766,121.19000244
2017-11-03,7198.63211075,2587.84008789,120.62000275
2017-11-04,7420.49807861,,
2017-11-05,7371.13902981,,
2017-11-06,6985.26384395,2591.12988281,121.65000153
2017-11-07,7118.20254383,2590.63989258,121.20999908
2017-11-08,7451.21278667,2594.37988281,121.62999725
2017-11-09,7117.73804968,2584.62011719,122.12999725
2017-11-10,6620.56733635,2582.30004883,121.12999725
2017-11-11,6346.72144915,,
2017-11-12,5829.09782759,,
2017-11-13,6519.44517212,2584.84008789,121.30999756
2017-11-14,6592.37439714,2578.87011719,121.55999756
2017-11-15,7257.37321216,2564.62011719,121.41000366
2017-11-16,7833.70443337,2585.63989258,121.40000153
2017-11-17,7729.03327002,2578.85009766,122.86000061
2017-11-18,7796.15424109,,
2017-11-19,8018.32068849,,
2017-11-20,8269.87425745,2582.13989258,121.30999756
2017-11-21,8091.99808358,2599.03002930,121.51000214
2017-11-22,8249.59733022,2597.08007812,122.62999725
2017-11-23,8071.66982145,,
2017-11-24,8232.42233314,2602.41992188,122.31999969
2017-11-25,8760.16544214,,
2017-11-26,9319.90331473,,
2017-11-27,9730.72857949,2601.41992188,122.83000183
2017-11-28,9932.19418001,2627.04003906,122.80999756
2017-11-29,9800.02755172,2626.07006836,122.04000092
2017-11-30,9996.71497195,2647.58007812,121.09999847
2017-12-01,10808.95833255,2642.21997070,121.58999634
2017-12-02,10934.85998568,,
2017-12-03,11213.94265546,,
2017-12-04,11562.12856692,2639.43994141,121.18000031
2017-12-05,11736.75406721,2629.57006836,120.31999969
2017-12-06,13992.13233723,2629.27001953,120.06999969
2017-12-07,17032.29337639,2636.97998047,118.48999786
2017-12-08,16298.48733869,2651.50000000,118.48000336
2017-12-09,15050.02195412,,
2017-12-10,15474.99954325,,
2017-12-11,16873.49778492,2659.98999023,118.01000214
2017-12-12,17433.93073816,2664.11010742,118.15000153
2017-12-13,16515.15257218,2662.85009766,119.16999817
2017-12-14,16602.89280333,2652.01000977,118.93000031
2017-12-15,17702.00217212,2675.81005859,119.18000031
2017-12-16,19640.51388340,,
2017-12-17,19250.46765079,,
2017-12-18,18982.02502425,2690.15991211,119.73000336
2017-12-19,17653.32608942,2681.46997070,119.81999969
2017-12-20,16453.62726037,2679.25000000,120.13999939
2017-12-21,15633.83365050,2684.57006836,120.30999756
2017-12-22,14305.71834366,2683.34008789,120.94000244
2017-12-23,14910.85810491,,
2017-12-24,14026.34686616,,
2017-12-25,14080.94226008,,
2017-12-26,15727.14547925,2680.50000000,121.76999664
2017-12-27,15389.00057393,2682.62011719,122.23000336
2017-12-28,14289.45220953,2687.54003906,122.84999847
2017-12-29,14571.74608212,2673.61010742,123.65000153
2017-12-30,12948.71588282,,
2017-12-31,13921.48064144,,
2018-01-01,13464.65361163,,
2018-01-02,14754.32220485,2695.81005859,125.15000153
2018-01-03,15010.28615956,2713.06005859,124.81999969
2018-01-04,15070.30079866,2723.98999023,125.45999908
2018-01-05,16997.22740795,2743.14990234,125.33000183
2018-01-06,17103.58927966,,
2018-01-07,16231.69499942,,
2018-01-08,14937.41508942,2747.70996094,125.30999756
2018-01-09,14378.58621742,2751.29003906,124.73000336
2018-01-10,14669.08826563,2748.22998047,125.02999878
2018-01-11,13186.75494272,2767.56005859,125.44000244
2018-01-12,13789.44366394,2786.23999023,126.95999908
2018-01-13,14231.22506458,,
2018-01-14,13681.06546113,,
2018-01-15,13591.69619667,,
2018-01-16,11431.04010520,2776.41992188,127.16999817
2018-01-17,11159.60859059,2802.56005859,126.13999939
2018-01-18,11246.03973027,2798.03002930,125.86000061
2018-01-19,11440.25556166,2810.30004883,126.41999817
2018-01-20,12768.40458562,,
2018-01-21,11422.39425891,,
2018-01-22,10737.35057744,2832.96997070,126.65000153
2018-01-23,10849.39187931,2839.12988281,127.27999878
2018-01-24,11225.89617475,2837.54003906,128.83000183
2018-01-25,11130.46494740,2839.25000000,127.97000122
2018-01-26,11035.55460988,2872.87011719,128.07000732
2018-01-27,11320.97018527,,
2018-01-28,11615.95871128,,
2018-01-29,11132.55431385,2853.53002930,127.34999847
2018-01-30,9959.54671537,2822.42993164,126.80000305
2018-01-31,10050.09579719,2823.81005859,127.65000153
2018-02-01,9039.86507510,2821.97998047,128.07000732
2018-02-02,8786.07737989,2762.12988281,126.38999939
2018-02-03,9132.10032233,,
2018-02-04,8250.52689597,,
2018-02-05,6849.54255932,2648.93994141,126.70999908
2018-02-06,7738.64395967,2695.13989258,125.37999725
2018-02-07,7624.59538954,2681.65991211,124.79000092
2018-02-08,8218.58085184,2581.00000000,124.98000336
2018-02-09,8660.45346786,2619.55004883,124.76999664
2018-02-10,8530.29280479,,
2018-02-11,8096.72848130,,
2018-02-12,8907.67017914,2656.00000000,125.37000275
2018-02-13,8523.96693191,2662.93994141,126.08000183
2018-02-14,9467.30103273,2698.62988281,128.22999573
2018-02-15,10106.73308358,2731.19995117,128.38000488
2018-02-16,10189.31648334,2732.21997070,127.95999908
2018-02-17,11085.59841438,,
2018-02-18,10452.09197721,,
2018-02-19,11139.35573057,,
2018-02-20,11245.93231794,2716.26000977,126.23999786
2018-02-21,10458.86508884,2701.33007812,125.66000366
2018-02-22,9878.15894272,2703.95996094,126.30000305
2018-02-23,10159.06561251,2747.30004883,126.13999939
2018-02-24,9686.60177995,,
2018-02-25,9603.22747750,,
2018-02-26,10312.36571303,2779.60009766,126.44999695
2018-02-27,10654.10729486,2744.28002930,125.12999725
2018-02-28,10307.02496639,2713.83007812,125.00000000
2018-03-01,10923.63086178,2677.66992188,124.72000122
2018-03-02,11014.05846727,2691.25000000,125.38999939
2018-03-03,11425.68056546,,
2018-03-04,11462.58319755,,
2018-03-05,11540.66232057,2720.93994141,125.18000031
2018-03-06,10677.03523086,2728.12011719,126.52999878
2018-03-07,9903.08504909,2726.80004883,125.72000122
2018-03-08,9330.47545295,2738.96997070,125.41999817
2018-03-09,9278.13918440,2786.57006836,125.54000092
2018-03-10,8786.56042314,,
2018-03-11,9513.53539977,,
2018-03-12,9147.89018060,2783.02001953,125.54000092
2018-03-13,9160.54293279,2765.31005859,125.77999878
2018-03-14,8222.12723904,2749.47998047,125.69999695
2018-03-15,8268.58912244,2747.33007812,124.90000153
2018-03-16,8376.90449825,2752.01000977,124.59999847
2018-03-17,7881.66192051,,
2018-03-18,8189.01671917,,
2018-03-19,8537.01562332,2712.91992188,124.87000275
2018-03-20,8895.54717914,2716.93994141,124.30999756
2018-03-21,8879.59425658,2711.92993164,126.48000336
2018-03-22,8710.66493513,2643.68994141,125.98000336
2018-03-23,8771.74632350,2588.26000977,127.61000061
2018-03-24,8610.98851636,,
2018-03-25,8440.61092256,,
2018-03-26,8171.18435447,2658.55004883,128.27999878
2018-03-27,7837.26531940,2612.62011719,127.48999786
2018-03-28,7933.64272969,2605.00000000,125.73000336
2018-03-29,7108.57081327,2640.87011719,125.79000092
2018-03-30,6832.14906634,,
2018-03-31,6922.28129690,,
2018-04-01,6804.52487931,,
2018-04-02,7033.25960959,2581.87988281,127.26000214
2018-04-03,7420.80051549,2614.44995117,126.30000305
2018-04-04,6780.54360140,2644.68994141,126.44999695
2018-04-05,6798.42261660,2662.84008789,125.80000305
2018-04-06,6610.49234980,2604.46997070,126.38999939
2018-04-07,6886.46947195,,
2018-04-08,7009.99610432,,
2018-04-09,6736.89282379,2613.15991211,126.81999969
2018-04-10,6816.71861543,2656.87011719,127.12000275
2018-04-11,6944.78585710,2642.18994141,128.11000061
2018-04-12,7904.33027528,2663.98999023,126.62000275
2018-04-13,7919.06469462,2656.30004883,127.44999695
2018-04-14,8006.41794331,,
2018-04-15,8342.27110140,,
2018-04-16,8046.98213355,2677.84008789,127.62999725
2018-04-17,7887.73795792,2706.38989258,127.75000000
2018-04-18,8162.83486178,2708.63989258,127.84999847
2018-04-19,8272.96731590,2693.12988281,127.59999847
2018-04-20,8839.50113209,2670.13989258,126.62999725
2018-04-21,8863.54082905,,
2018-04-22,8800.95908708,,
2018-04-23,8930.78463355,2670.29003906,125.62000275
2018-04-24,9652.21378872,2634.56005859,126.23000336
2018-04-25,8855.50893659,2639.39990234,125.41000366
2018-04-26,9264.72742694,2666.93994141,124.97000122
2018-04-27,8981.33079018,2669.90991211,125.50000000
2018-04-28,9341.82468469,,
2018-04-29,9396.99762975,,
2018-04-30,9228.72648364,2648.05004883,124.58999634
2018-05-01,9072.16875745,2654.80004883,123.70999908
2018-05-02,9204.12764056,2635.66992188,123.65000153
2018-05-03,9750.70014641,2629.72998047,124.27999878
2018-05-04,9696.64290999,2663.41992188,124.54000092
2018-05-05,9795.92577206,,
2018-05-06,9595.08681940,,
2018-05-07,9339.51084717,2672.62988281,124.56999969
2018-05-08,9212.36963472,2671.91992188,124.58999634
2018-05-09,9293.04227352,2697.79003906,124.33000183
2018-05-10,9037.53050906,2723.07006836,125.18000031
2018-05-11,8419.75858738,2727.71997070,125.00000000
2018-05-12,8485.77526680,,
2018-05-13,8695.83309380,,
2018-05-14,8671.07417475,2730.12988281,124.48999786
2018-05-15,8488.46342139,2711.44995117,122.48000336
2018-05-16,8327.75620134,2722.45996094,122.29000092
2018-05-17,8050.51623933,2720.12988281,122.36000061
2018-05-18,8233.08645529,2712.96997070,122.41000366
2018-05-19,8229.48293571,,
2018-05-20,8511.44883022,,
2018-05-21,8398.62312653,2733.01000977,122.48000336
2018-05-22,8007.52653214,2724.43994141,122.41000366
2018-05-23,7520.86767914,2733.29003906,122.54000092
2018-05-24,7575.62448597,2727.76000977,123.58999634
2018-05-25,7425.37567446,2721.33007812,123.20999908
2018-05-26,7326.30318644,,
2018-05-27,7338.19304442,,
2018-05-28,7110.82388165,,
2018-05-29,7453.63372501,2689.86010742,123.19000244
2018-05-30,7374.66904909,2724.01000977,123.37000275
2018-05-31,7478.74186704,2705.27001953,123.09999847
2018-06-01,7519.83573729,2734.62011719,122.48999786
2018-06-02,7637.44825307,,
2018-06-03,7702.15793308,,
2018-06-04,7486.65319959,2746.87011719,122.37000275
2018-06-05,7611.14985272,2748.80004883,122.84999847
2018-06-06,7650.77580713,2772.35009766,122.91999817
2018-06-07,7665.94789626,2770.37011719,122.86000061
2018-06-08,7622.60233022,2779.03002930,123.01000214
2018-06-09,7556.17169784,,
2018-06-10,6744.73580099,,
2018-06-11,6849.45268732,2782.00000000,123.23000336
2018-06-12,6526.69968001,2786.85009766,122.81999969
2018-06-13,6306.51316803,2775.62988281,123.19000244
2018-06-14,6629.77012420,2782.48999023,123.37999725
2018-06-15,6399.67404646,2779.65991211,121.33999634
2018-06-16,6495.31530918,,
2018-06-17,6450.69397282,,
2018-06-18,6703.81258971,2773.75000000,121.11000061
2018-06-19,6732.50880918,2762.59008789,120.80000305
2018-06-20,6753.20682583,2767.32006836,120.26000214
2018-06-21,6720.37323437,2749.76000977,120.05000305
2018-06-22,6059.57585915,2754.87988281,120.33999634
2018-06-23,6174.22577937,,
2018-06-24,6146.48719492,,
2018-06-25,6243.53544097,2717.07006836,119.88999939
2018-06-26,6096.12876622,2723.06005859,119.26000214
2018-06-27,6139.18968323,2699.62988281,118.58000183
2018-06-28,5858.63577820,2716.31005859,118.22000122
2018-06-29,6220.91371508,2718.37011719,118.65000153
2018-06-30,6375.54123144,,
2018-07-01,6361.40253887,,
2018-07-02,6608.36715722,2726.70996094,117.45999908
2018-07-03,6498.30785915,2713.21997070,118.65000153
2018-07-04,6579.33337639,,
2018-07-05,6535.29840269,2736.61010742,119.05000305
2018-07-06,6598.45909585,2759.82006836,118.86000061
2018-07-07,6737.85608036,,
2018-07-08,6704.91998013,,
2018-07-09,6664.02409351,2784.16992188,119.15000153
2018-07-10,6309.08400409,2793.84008789,118.93000031
2018-07-11,6377.97651140,2774.02001953,117.63999939
2018-07-12,6159.46667621,2798.29003906,118.12999725
2018-07-13,6208.98557189,2801.31005859,117.61000061
2018-07-14,6255.11247867,,
2018-07-15,6347.60427382,,
2018-07-16,6710.80743746,2798.42993164,117.55000305
2018-07-17,7320.59482788,2809.55004883,116.27999878
2018-07-18,7376.03833928,2815.62011719,116.30999756
2018-07-19,7467.03429807,2804.48999023,115.80999756
2018-07-20,7327.25668293,2801.83007812,116.55999756
2018-07-21,7410.56562040,,
2018-07-22,7399.48374693,,
2018-07-23,7716.15862741,2806.97998047,116.00000000
2018-07-24,8397.61652162,2820.39990234,116.04000092
2018-07-25,8202.72039538,2846.07006836,116.68000031
2018-07-26,7913.93077820,2837.43994141,115.76999664
2018-07-27,8173.77461134,2818.82006836,115.83000183
2018-07-28,8190.36005669,,
2018-07-29,8229.60583869,,
2018-07-30,8171.83951929,2802.60009766,115.65000153
2018-07-31,7725.13303594,2816.29003906,115.98999786
2018-08-01,7596.69801198,2813.36010742,115.13999939
2018-08-02,7542.69466189,2827.21997070,114.51999664
2018-08-03,7411.34425015,2840.35009766,114.91999817
2018-08-04,7002.20865283,,
2018-08-05,7031.58775102,,
2018-08-06,6929.99089421,2850.39990234,114.33000183
2018-08-07,6722.57843279,2858.44995117,114.58999634
2018-08-08,6267.38867358,2857.69995117,114.91000366
2018-08-09,6558.09690795,2853.58007812,114.73999786
2018-08-10,6135.75185856,2833.28002930,114.69000244
2018-08-11,6313.74931181,,
2018-08-12,6314.69165576,,
2018-08-13,6265.84804383,2821.92993164,112.95999908
2018-08-14,6184.82908562,2839.95996094,113.06999969
2018-08-15,6270.21479866,2818.37011719,111.19000244
2018-08-16,6290.75045529,2840.68994141,111.09999847
2018-08-17,6563.07828872,2850.12988281,112.12999725
2018-08-18,6399.28744681,,
2018-08-19,6490.71612712,,
2018-08-20,6272.95272881,2857.05004883,112.69000244
2018-08-21,6473.07603945,2862.95996094,113.01999664
2018-08-22,6365.00983168,2861.82006836,113.26999664
2018-08-23,6516.40902542,2856.97998047,112.19999695
2018-08-24,6697.73187873,2874.68994141,114.16000366
2018-08-25,6745.43893922,,
2018-08-26,6689.86933314,,
2018-08-27,6839.15895237,2896.73999023,114.58999634
2018-08-28,7092.97380830,2897.52001953,113.68000031
2018-08-29,7033.42806809,2914.04003906,114.19999695
2018-08-30,6966.96374372,2901.12988281,113.63999939
2018-08-31,7025.14078025,2901.52001953,113.51000214
2018-09-01,7192.35254734,,
2018-09-02,7286.66779106,,
2018-09-03,7257.47021391,,
2018-09-04,7358.81147896,2896.71997070,112.93000031
2018-09-05,6790.89732846,2888.60009766,113.31999969
2018-09-06,6488.07593688,2878.05004883,113.54000092
2018-09-07,6408.65362244,2871.67993164,113.23000336
2018-09-08,6187.79050234,,
2018-09-09,6249.24631034,,
2018-09-10,6295.38860257,2877.12988281,113.15000153
2018-09-11,6278.42463968,2887.88989258,113.22000122
2018-09-12,6327.53636324,2888.91992188,114.16999817
2018-09-13,6490.91231648,2904.17993164,113.76000214
2018-09-14,6494.69547896,2904.97998047,113.01999664
2018-09-15,6524.16566745,,
2018-09-16,6497.40470134,,
2018-09-17,6258.59487493,2888.80004883,113.61000061
2018-09-18,6340.34779018,2904.31005859,113.44000244
2018-09-19,6383.95187580,2907.94995117,113.87999725
2018-09-20,6498.60711105,2930.75000000,114.26999664
2018-09-21,6741.14289889,2929.66992188,113.48999786
2018-09-22,6705.47605114,,
2018-09-23,6703.13684950,,
2018-09-24,6576.54500321,2919.37011719,113.47000122
2018-09-25,6416.44402162,2915.56005859,113.65000153
2018-09-26,6463.25040357,2905.96997070,113.05000305
2018-09-27,6677.90048860,2914.00000000,112.05000305
2018-09-28,6623.12615985,2913.97998047,112.76000214
2018-09-29,6584.49914757,,
2018-09-30,6604.48502835,,
2018-10-01,6561.81383226,2924.59008789,112.56999969
2018-10-02,6508.72093863,2923.42993164,113.87000275
2018-10-03,6464.45684366,2925.51000977,113.41999817
2018-10-04,6545.28566774,2901.61010742,113.48000336
2018-10-05,6585.14957978,2885.57006836,113.80000305
2018-10-06,6550.47831590,,
2018-10-07,6564.56826008,,
2018-10-08,6604.68527411,2884.42993164,112.54000092
2018-10-09,6590.42862215,2880.34008789,112.59999847
2018-10-10,6529.10243600,2785.67993164,112.87999725
2018-10-11,6159.25164261,2728.37011719,115.77999878
2018-10-12,6191.67722326,2767.12988281,115.23000336
2018-10-13,6197.68569638,,
2018-10-14,6182.87934424,,
2018-10-15,6442.71541409,2750.79003906,116.00000000
2018-10-16,6461.93715926,2809.91992188,115.80000305
2018-10-17,6442.73070018,2809.20996094,115.79000092
2018-10-18,6396.47981210,2768.78002930,115.91999817
2018-10-19,6383.07784015,2767.78002930,116.01000214
2018-10-20,6408.25274635,,
2018-10-21,6415.34050292,,
2018-10-22,6408.03363559,2755.87988281,115.70999908
2018-10-23,6395.98766686,2740.68994141,116.38999939
2018-10-24,6413.80364115,2656.10009766,116.66000366
2018-10-25,6402.32485915,2705.57006836,116.40000153
2018-10-26,6404.10855231,2658.68994141,116.76999664
2018-10-27,6409.40532759,,
2018-10-28,6406.63325307,,
2018-10-29,6263.04173466,2641.25000000,116.30999756
2018-10-30,6272.16772823,2682.62988281,115.80000305
2018-10-31,6306.31693133,2711.73999023,115.15000153
2018-11-01,6342.97750058,2740.37011719,116.62999725
2018-11-02,6348.16858270,2723.06005859,116.65000153
2018-11-03,6332.43413296,,
2018-11-04,6420.42200029,,
2018-11-05,6402.94683898,2738.31005859,116.37000275
2018-11-06,6441.14521888,2755.44995117,116.04000092
2018-11-07,6500.86980508,2813.88989258,116.02999878
2018-11-08,6406.75293746,2806.83007812,115.77999878
2018-11-09,6331.37876710,2781.01000977,114.48000336
2018-11-10,6353.11273407,,
2018-11-11,6335.41420397,,
2018-11-12,6320.65605377,2726.21997070,113.66000366
2018-11-13,6267.93799123,2722.17993164,113.69999695
2018-11-14,5574.25834892,2701.58007812,114.63999939
2018-11-15,5538.56060783,2730.19995117,114.76999664
2018-11-16,5496.01623115,2736.27001953,115.62000275
2018-11-17,5501.09234044,,
2018-11-18,5555.37633840,,
2018-11-19,4792.20002367,2690.72998047,115.66999817
2018-11-20,4317.53067008,2641.88989258,115.66999817
2018-11-21,4549.32200994,2649.92993164,115.86000061
2018-11-22,4303.61554851,,
2018-11-23,4289.89285330,2632.56005859,115.76999664
2018-11-24,3806.31692490,,
2018-11-25,3946.85087434,,
2018-11-26,3700.28599269,2673.44995117,115.63999939
2018-11-27,3776.55590532,2682.16992188,114.94999695
2018-11-28,4208.47526914,2743.79003906,115.37999725
2018-11-29,4239.03948831,2737.80004883,115.73999786
2018-11-30,3973.33405231,2760.16992188,115.54000092
2018-12-01,4148.07372560,,
2018-12-02,4098.74676388,,
2018-12-03,3843.97666598,2790.37011719,116.41000366
2018-12-04,3892.95164699,2700.06005859,117.12000275
2018-12-05,3709.52085827,,
2018-12-06,3511.96898159,2695.94995117,117.13999939
2018-12-07,3372.99569258,2633.08007812,118.08999634
2018-12-08,3407.95119462,,
2018-12-09,3540.43957598,,
2018-12-10,3413.59258416,2637.71997070,117.68000031
2018-12-11,3352.56420018,2636.78002930,117.54000092
2018-12-12,3423.01291788,2651.07006836,117.79000092
2018-12-13,3260.34158241,2650.54003906,117.52999878
2018-12-14,3198.94747370,2599.94995117,117.05999756
2018-12-15,3185.07404383,,
2018-12-16,3195.41455523,,
2018-12-17,3499.15648188,2545.93994141,117.87000275
2018-12-18,3659.52737931,2546.15991211,118.15000153
2018-12-19,3697.72530333,2506.95996094,117.43000031
2018-12-20,4067.73770777,2467.41992188,119.23999786
2018-12-21,3839.08510842,2416.62011719,118.72000122
2018-12-22,3964.94611631,,
2018-12-23,3942.66699591,,
2018-12-24,4040.04578960,2351.10009766,120.01999664
2018-12-25,3761.58401081,,
2018-12-26,3807.65745354,2467.69995117,119.66000366
2018-12-27,3585.46053594,2488.83007812,120.56999969
2018-12-28,3881.05488486,2485.73999023,121.05999756
2018-12-29,3823.13832613,,
2018-12-30,3825.40746289,,
2018-12-31,3687.19994009,2506.85009766,121.25000000
2019-01-01,3808.11783168,,
2019-01-02,3898.19748802,2510.03002930,121.33000183
2019-01-03,3784.38863472,2447.88989258,122.43000031
2019-01-04,3827.52459439,2531.93994141,121.44000244
2019-01-05,3798.61395500,,
2019-01-06,4045.99377499,,
2019-01-07,4001.01827820,2549.68994141,121.86000061
2019-01-08,3992.62278930,2574.40991211,121.52999878
2019-01-09,4004.25903565,2584.95996094,122.30999756
2019-01-10,3627.90345003,2596.63989258,121.58999634
2019-01-11,3624.16142110,2596.26000977,121.80000305
2019-01-12,3617.02207832,,
2019-01-13,3508.67010812,,
2019-01-14,3666.94519375,2582.61010742,122.08999634
2019-01-15,3581.29301549,2610.30004883,121.87999725
2019-01-16,3606.98657569,2616.10009766,122.26999664
2019-01-17,3640.12913063,2635.95996094,122.11000061
2019-01-18,3609.42673612,2670.70996094,121.01999664
2019-01-19,3687.30196113,,
2019-01-20,3538.31372297,,
2019-01-21,3535.62339304,,
2019-01-22,3577.30834980,2632.89990234,121.44999695
2019-01-23,3551.89382116,2638.69995117,121.27999878
2019-01-24,3567.58893366,2642.33007812,121.08999634
2019-01-25,3561.35049795,2664.76000977,122.86000061
2019-01-26,3557.03991525,,
2019-01-27,3537.61413063,,
2019-01-28,3435.05251403,2643.85009766,123.29000092
2019-01-29,3395.82376330,2640.00000000,123.98000336
2019-01-30,3437.89586616,2681.05004883,124.69000244
2019-01-31,3410.13161601,2704.10009766,124.75000000
2019-02-01,3445.04989129,2706.53002930,124.50000000
2019-02-02,3461.93511748,,
2019-02-03,3413.02161631,,
2019-02-04,3411.38796172,2724.87011719,123.95999908
2019-02-05,3426.46501140,2737.69995117,124.27999878
2019-02-06,3367.50636499,2731.61010742,123.44000244
2019-02-07,3358.87359906,2706.05004883,123.73999786
2019-02-08,3612.47961923,2707.87988281,124.20999908
2019-02-09,3621.26812098,,
2019-02-10,3642.02235915,,
2019-02-11,3590.61848364,2709.80004883,123.59999847
2019-02-12,3587.90246581,2744.72998047,123.86000061
2019-02-13,3576.08537259,2753.03002930,123.37000275
2019-02-14,3561.91638340,2745.72998047,124.05999756
2019-02-15,3565.00692373,2775.60009766,124.80000305
2019-02-16,3584.73600263,,
2019-02-17,3622.75742899,,
2019-02-18,3866.12921712,,
2019-02-19,3895.43521099,2779.76000977,126.69999695
2019-02-20,3931.61382905,2784.69995117,126.48000336
2019-02-21,3892.26179427,2774.87988281,125.05000305
2019-02-22,3948.30051052,2792.66992188,125.50000000
2019-02-23,4110.15112127,,
2019-02-24,3754.18378989,,
2019-02-25,3822.01869667,2796.11010742,125.37000275
2019-02-26,3796.17506838,2793.89990234,125.58000183
2019-02-27,3799.38199240,2792.37988281,124.69000244
2019-02-28,3792.94772297,2784.48999023,123.98999786
2019-03-01,3810.63269258,2803.68994141,121.87999725
2019-03-02,3809.64339100,,
2019-03-03,3782.38187025,,
2019-03-04,3698.16185506,2792.81005859,121.55999756
2019-03-05,3840.12804909,2789.64990234,121.72000122
2019-03-06,3851.99842548,2771.44995117,121.61000061
2019-03-07,3855.92316832,2748.92993164,121.51000214
2019-03-08,3839.23355289,2743.07006836,122.83999634
2019-03-09,3910.36116657,,
2019-03-10,3903.91195091,,
2019-03-11,3851.56892168,2783.30004883,122.23999786
2019-03-12,3858.91482379,2791.52001953,122.98000336
2019-03-13,3851.95746639,2810.91992188,123.83999634
2019-03-14,3853.78326505,2808.47998047,122.41000366
2019-03-15,3901.91420690,2822.47998047,122.97000122
2019-03-16,3989.79607686,,
2019-03-17,3967.14349445,,
2019-03-18,3969.44014582,2832.93994141,123.04000092
2019-03-19,3996.16790357,2832.57006836,123.37999725
2019-03-20,4030.65527586,2824.22998047,124.18000031
2019-03-21,3976.27385009,2854.87988281,123.68000031
2019-03-22,3983.88764582,2800.70996094,123.97000122
2019-03-23,3981.77603302,,
2019-03-24,3970.66698802,,
2019-03-25,3908.23883869,2798.36010742,124.91999817
2019-03-26,3917.76340210,2818.45996094,124.30000305
2019-03-27,4027.00791788,2805.37011719,123.65000153
2019-03-28,4010.93746201,2815.43994141,121.90000153
2019-03-29,4089.46104004,2834.39990234,122.01000214
2019-03-30,4091.89103834,,
2019-03-31,4094.31781473,,
2019-04-01,4138.41780771,2867.18994141,121.52999878
2019-04-02,4903.71946207,2867.23999023,121.98000336
2019-04-03,4960.22760275,2873.39990234,121.80000305
2019-04-04,4911.26970245,2879.38989258,122.11000061
2019-04-05,5033.22548369,2892.73999023,121.98000336
2019-04-06,5044.35684594,,
2019-04-07,5189.11195558,,
2019-04-08,5283.42302484,2895.77001953,122.51000214
2019-04-09,5195.57790883,2878.19995117,123.15000153
2019-04-10,5311.74160327,2888.20996094,123.52999878
2019-04-11,5050.66600859,2888.32006836,121.94999695
2019-04-12,5082.86143203,2907.40991211,121.83000183
2019-04-13,5074.79069258,,
2019-04-14,5156.80404062,,
2019-04-15,5042.89773846,2905.58007812,121.59999847
2019-04-16,5205.96295745,2907.06005859,120.51000214
2019-04-17,5226.35221520,2900.44995117,120.27999878
2019-04-18,5278.50233957,2905.03002930,120.37000275
2019-04-19,5289.95121911,,
2019-04-20,5313.97326213,,
2019-04-21,5295.73382817,,
2019-04-22,5383.79997534,2907.96997070,120.37000275
2019-04-23,5544.86271186,2933.67993164,120.12000275
2019-04-24,5431.94791964,2927.25000000,120.47000122
2019-04-25,5127.67316739,2926.16992188,120.56999969
2019-04-26,5150.16466067,2939.87988281,121.37000275
2019-04-27,5181.80776365,,
2019-04-28,5148.66961543,,
2019-04-29,5148.80049328,2943.03002930,120.83000183
2019-04-30,5266.61820251,2945.83007812,121.19999695
2019-05-01,5315.17532905,2923.72998047,120.40000153
2019-05-02,5393.12937639,2917.52001953,119.94000244
2019-05-03,5658.43038837,2945.63989258,120.65000153
2019-05-04,5774.71242870,,
2019-05-05,5728.35170222,,
2019-05-06,5691.68837405,2932.46997070,120.80999756
2019-05-07,5825.74489305,2884.05004883,121.20999908
2019-05-08,5931.80059497,2879.41992188,120.91000366
2019-05-09,6150.14044477,2870.71997070,121.19999695
2019-05-10,6357.46349357,2881.39990234,121.43000031
2019-05-11,7325.08286032,,
2019-05-12,6942.62317452,,
2019-05-13,7798.90573600,2811.87011719,122.66999817
2019-05-14,7955.55768235,2834.40991211,122.45999908
2019-05-15,8215.20683840,2850.95996094,122.38999939
2019-05-16,7862.07160234,2876.32006836,121.51000214
2019-05-17,7326.92068188,2859.53002930,120.65000153
2019-05-18,7277.98756341,,
2019-05-19,8219.74278697,,
2019-05-20,7981.13937896,2840.22998047,120.63999939
2019-05-21,7983.80847738,2864.36010742,120.36000061
2019-05-22,7667.90211485,2856.27001953,120.23999786
2019-05-23,7897.47129369,2822.23999023,121.16999817
2019-05-24,7987.10036762,2826.06005859,121.30000305
2019-05-25,8061.59176072,,
2019-05-26,8731.52495587,,
2019-05-27,8816.78670836,,
2019-05-28,8719.12584833,2802.38989258,120.83000183
2019-05-29,8655.48850614,2783.02001953,120.87000275
2019-05-30,8271.62196318,2788.86010742,121.69000244
2019-05-31,8556.22218556,2752.06005859,123.33000183
2019-06-01,8554.80732963,,
2019-06-02,8744.35374547,,
2019-06-03,8173.40127054,2744.44995117,125.11000061
2019-06-04,7649.93933197,2803.27001953,125.15000153
2019-06-05,7798.54446639,2826.14990234,125.47000122
2019-06-06,7776.71332613,2843.48999023,125.87999725
2019-06-07,8023.95009305,2873.34008789,126.58999634
2019-06-08,7939.80515488,,
2019-06-09,7634.06575073,,
2019-06-10,7993.30253857,2886.72998047,125.33000183
2019-06-11,7922.48362712,2885.71997070,125.18000031
2019-06-12,8146.75612507,2879.84008789,125.83000183
2019-06-13,8232.77734138,2891.63989258,126.59999847
2019-06-14,8698.00481502,2886.97998047,126.55999756
2019-06-15,8850.58481601,,
2019-06-16,9019.51700672,,
2019-06-17,9340.57218878,2889.66992188,126.48000336
2019-06-18,9047.13274448,2917.75000000,127.12000275
2019-06-19,9285.05567656,2926.45996094,127.88999939
2019-06-20,9546.71977820,2954.17993164,131.11000061
2019-06-21,10083.48631368,2950.45996094,131.97999573
2019-06-22,10685.29523279,,
2019-06-23,10794.42769638,,
2019-06-24,11004.20690947,2945.35009766,133.94000244
2019-06-25,11726.26383080,2917.37988281,134.19999695
2019-06-26,12863.46068498,2913.78002930,132.97000122
2019-06-27,11109.79784185,2924.91992188,132.83999634
2019-06-28,12358.20795821,2941.76000977,133.19999695
2019-06-29,11944.35154734,,
2019-06-30,10842.61671099,,
2019-07-01,10569.55172823,2964.33007812,130.61999512
2019-07-02,10766.08331622,2973.01000977,133.41000366
2019-07-03,11952.02489351,2995.82006836,133.63000488
2019-07-04,11177.01037876,,
2019-07-05,10998.39910047,2990.40991211,132.13999939
2019-07-06,11208.22560053,,
2019-07-07,11456.18360392,,
2019-07-08,12319.62287580,2975.94995117,131.28999329
2019-07-09,12579.10761601,2979.62988281,131.75000000
2019-07-10,12106.78293133,2993.07006836,133.83000183
2019-07-11,11294.67802835,2999.90991211,132.69999695
2019-07-12,11813.32371590,3013.77001953,133.52999878
2019-07-13,11346.83714816,,
2019-07-14,10283.07578913,,
2019-07-15,10926.38027411,3014.30004883,133.52999878
2019-07-16,9471.14086476,3004.04003906,132.39999390
2019-07-17,9674.88246113,2984.41992188,134.58000183
2019-07-18,10679.89068966,2995.11010742,136.47999573
2019-07-19,10532.20272911,2976.61010742,134.47000122
2019-07-20,10862.64854793,,
2019-07-21,10589.70649077,,
2019-07-22,10318.56092519,2985.03002930,134.44999695
2019-07-23,9866.64894039,3005.46997070,133.69000244
2019-07-24,9792.78753653,3019.56005859,134.36999512
2019-07-25,9897.18678603,3003.66992188,133.41999817
2019-07-26,9836.69678814,3025.86010742,133.63999939
2019-07-27,9446.67205207,,
2019-07-28,9529.78879193,,
2019-07-29,9504.15891596,3020.96997070,134.52999878
2019-07-30,9589.10920602,3013.17993164,134.97999573
2019-07-31,10059.00401899,2980.37988281,133.21000671
2019-08-01,10400.30701438,2953.56005859,136.41000366
2019-08-02,10529.69445441,2932.05004883,135.88999939
2019-08-03,10810.42166861,,
2019-08-04,10986.50892911,,
2019-08-05,11790.02393758,2844.73999023,137.78999329
2019-08-06,11423.49700175,2881.77001953,138.91000366
2019-08-07,11967.27354734,2883.97998047,141.02000427
2019-08-08,11938.23461087,2938.09008789,141.72999573
2019-08-09,11858.34109848,2918.64990234,141.25999451
2019-08-10,11303.73056189,,
2019-08-11,11530.19524226,,
2019-08-12,11384.69624658,2882.69995117,142.63000488
2019-08-13,10867.05475827,2926.32006836,141.77999878
2019-08-14,10024.37959170,2840.60009766,142.75000000
2019-08-15,10310.08586967,2847.60009766,143.69999695
2019-08-16,10373.32190281,2888.67993164,142.77999878
2019-08-17,10207.15556166,,
2019-08-18,10331.30997604,,
2019-08-19,10884.62977440,2923.64990234,141.11000061
2019-08-20,10771.39237937,2900.51000977,142.21000671
2019-08-21,10096.83022385,2924.42993164,141.75999451
2019-08-22,10119.71452484,2922.94995117,141.39999390
2019-08-23,10414.14417259,2847.11010742,144.16999817
2019-08-24,10147.08715488,,
2019-08-25,10100.35677838,,
2019-08-26,10362.64347236,2878.37988281,144.19000244
2019-08-27,10168.22157165,2869.15991211,145.57000732
2019-08-28,9724.79997808,2887.93994141,145.16000366
2019-08-29,9482.31173495,2924.58007812,144.11999512
2019-08-30,9577.67882350,2926.45996094,143.75000000
2019-08-31,9605.02446143,,
2019-09-01,9762.93655690,,
2019-09-02,10377.33838457,,
2019-09-03,10618.78150584,2906.27001953,145.75000000
2019-09-04,10577.24108393,2937.78002930,146.66000366
2019-09-05,10580.18469959,2976.00000000,143.13999939
2019-09-06,10330.84973121,2978.70996094,141.91999817
2019-09-07,10494.50696493,,
2019-09-08,10407.26565739,,
2019-09-09,10332.46444243,2978.42993164,141.38999939
2019-09-10,10085.95192431,2979.38989258,140.17999268
2019-09-11,10142.14806037,3000.92993164,141.02999878
2019-09-12,10403.35997078,3009.57006836,141.32000732
2019-09-13,10345.33874693,3007.38989258,140.14999390
2019-09-14,10363.45289632,,
2019-09-15,10306.16966745,,
2019-09-16,10257.82276154,2997.95996094,141.32000732
2019-09-17,10195.61118118,3005.69995117,141.60000610
2019-09-18,10161.31886645,3006.72998047,140.71000671
2019-09-19,10268.39262916,3006.79003906,141.27999878
2019-09-20,10170.12511613,2992.07006836,142.94999695
2019-09-21,9986.40610812,,
2019-09-22,10047.01347487,,
2019-09-23,9692.74104793,2991.78002930,143.75000000
2019-09-24,8613.67124851,2966.60009766,144.50999451
2019-09-25,8424.15764641,2984.87011719,141.83000183
2019-09-26,8091.69529924,2977.62011719,141.78999329
2019-09-27,8186.77963928,2961.79003906,141.05999756
2019-09-28,8201.97901344,,
2019-09-29,8064.50806236,,
2019-09-30,8282.36545412,2976.73999023,138.86999512
2019-10-01,8314.55139012,2940.25000000,139.63000488
2019-10-02,8362.53073232,2887.61010742,141.25999451
2019-10-03,8254.33991029,2910.62988281,141.89999390
2019-10-04,8165.68615126,2952.01000977,141.89999390
2019-10-05,8141.63371379,,
2019-10-06,7854.60981297,,
2019-10-07,8226.02342928,2938.79003906,140.69000244
2019-10-08,8190.11512075,2893.06005859,141.91999817
2019-10-09,8598.33192075,2919.39990234,142.05000305
2019-10-10,8578.09037931,2938.12988281,140.80999756
2019-10-11,8289.85402893,2970.27001953,140.02999878
2019-10-12,8323.75014407,,
2019-10-13,8291.25065143,,
2019-10-14,8346.36843659,2966.14990234,140.58999634
2019-10-15,8160.71262753,2995.67993164,139.61000061
2019-10-16,8003.85592314,2989.68994141,140.41000366
2019-10-17,8072.48938229,2997.94995117,140.61000061
2019-10-18,7959.33199357,2986.19995117,140.46000671
2019-10-19,7948.47733723,,
2019-10-20,8213.70903928,,
2019-10-21,8211.65455874,3006.71997070,139.78999329
2019-10-22,8029.20537288,2995.98999023,140.19999695
2019-10-23,7458.03585681,3004.52001953,140.52999878
2019-10-24,7454.37113816,3010.29003906,141.52999878
2019-10-25,8656.65517756,3022.55004883,141.86000061
2019-10-26,9249.64676096,,
2019-10-27,9558.15604401,,
2019-10-28,9319.17814167,3039.41992188,140.63999939
2019-10-29,9431.20712390,3036.88989258,140.25000000
2019-10-30,9182.85506517,3046.77001953,141.02000427
2019-10-31,9155.27729877,3037.56005859,142.42999268
2019-11-01,9251.38129345,3066.90991211,142.55999756
2019-11-02,9300.19083752,,
2019-11-03,9209.63869608,,
2019-11-04,9418.36013063,3078.27001953,142.14999390
2019-11-05,9330.78722297,3074.62011719,139.85000610
2019-11-06,9354.93338229,3076.78002930,140.44999695
2019-11-07,9210.74822238,3085.17993164,138.27000427
2019-11-08,8791.33393495,3093.08007812,137.38999939
2019-11-09,8810.78456195,,
2019-11-10,9042.89072320,,
2019-11-11,8713.20792957,3087.01000977,137.05999756
2019-11-12,8788.95814296,3091.84008789,137.42999268
2019-11-13,8766.72943051,3094.04003906,137.97999573
2019-11-14,8645.43580362,3096.62988281,138.55999756
2019-11-15,8465.87788854,3120.45996094,138.21000671
2019-11-16,8477.69024284,,
2019-11-17,8505.16122326,,
2019-11-18,8183.53341350,3122.03002930,138.61999512
2019-11-19,8116.82067259,3120.17993164,138.69000244
2019-11-20,8076.55466008,3108.45996094,138.75999451
2019-11-21,7612.27748802,3103.54003906,138.00000000
2019-11-22,7277.52427323,3110.29003906,137.74000549
2019-11-23,7324.83617855,,
2019-11-24,6943.38065605,,
2019-11-25,7139.04468597,3133.63989258,137.08000183
2019-11-26,7165.43773027,3140.52001953,137.74000549
2019-11-27,7526.86381654,3153.62988281,137.00999451
2019-11-28,7436.33638171,,
2019-11-29,7747.73804208,3140.97998047,137.86000061
2019-11-30,7556.19372122,,
2019-12-01,7417.72720602,,
2019-12-02,7318.31252180,3113.87011719,137.78999329
2019-12-03,7306.44623331,3093.19995117,139.11000061
2019-12-04,7215.02034483,3112.76000977,138.91999817
2019-12-05,7404.08679497,3117.42993164,139.00000000
2019-12-06,7534.20835593,3145.90991211,137.61999512
2019-12-07,7512.06140263,,
2019-12-08,7528.94026943,,
2019-12-09,7340.22745909,3135.95996094,137.58000183
2019-12-10,7232.09178375,3132.52001953,137.97000122
2019-12-11,7200.46444600,3141.62988281,138.91999817
2019-12-12,7192.84902425,3168.57006836,138.42999268
2019-12-13,7244.90372005,3168.80004883,139.05000305
2019-12-14,7071.10709030,,
2019-12-15,7111.28666996,,
2019-12-16,6882.39579532,3191.44995117,139.03999329
2019-12-17,6608.96197984,3192.52001953,139.00999451
2019-12-18,7284.62548364,3191.13989258,139.02000427
2019-12-19,7146.16763764,3205.37011719,139.38000488
2019-12-20,7184.21917206,3221.21997070,139.52000427
2019-12-21,7140.29801128,,
2019-12-22,7479.40240789,,
2019-12-23,7321.74872385,3224.01000977,139.94999695
2019-12-24,7235.62908381,3223.37988281,141.27000427
2019-12-25,7191.17416569,,
2019-12-26,7194.63975833,3239.90991211,142.38000488
2019-12-27,7237.15044728,3240.02001953,142.33000183
2019-12-28,7306.64330830,,
2019-12-29,7391.57852139,,
2019-12-30,7229.39710064,3221.29003906,142.63000488
2019-12-31,7167.39505465,3230.78002930,142.89999390
2020-01-01,7170.63186879,,
2020-01-02,6946.82526914,3257.85009766,143.94999695
2020-01-03,7315.30936032,3234.85009766,145.86000061
2020-01-04,7343.16419439,,
2020-01-05,7345.53069182,,
2020-01-06,7765.79773466,3246.28002930,147.38999939
2020-01-07,8136.08684191,3237.17993164,147.97000122
2020-01-08,8059.69952887,3253.05004883,146.86000061
2020-01-09,7817.13609322,3274.69995117,146.02999878
2020-01-10,8129.81791993,3265.35009766,146.91000366
2020-01-11,8032.00549503,,
2020-01-12,8164.54999316,,
2020-01-13,8121.92566762,3288.12988281,145.82000732
2020-01-14,8830.16787347,3283.14990234,145.69000244
2020-01-15,8811.44820251,3289.29003906,146.53999329
2020-01-16,8718.68699801,3316.81005859,146.30999756
2020-01-17,8912.54190415,3329.62011719,146.58000183
2020-01-18,8928.18075658,,
2020-01-19,8687.35483665,,
2020-01-20,8636.25878621,,
2020-01-21,8730.86756020,3320.79003906,146.74000549
2020-01-22,8647.90047399,3321.75000000,146.78999329
2020-01-23,8366.38461397,3325.54003906,147.11999512
2020-01-24,8423.39095815,3295.46997070,147.97999573
2020-01-25,8344.77456897,,
2020-01-26,8573.87480959,,
2020-01-27,8901.95928486,3243.62988281,148.99000549
2020-01-28,9297.38831765,3276.23999023,147.66000366
2020-01-29,9311.94754354,3273.39990234,148.46000671
2020-01-30,9508.92096493,3283.65991211,148.47000122
2020-01-31,9357.28478241,3225.52001953,149.33000183
2020-02-01,9381.88602864,,
2020-02-02,9339.38706312,,
2020-02-03,9279.81252051,3248.91992188,148.36000061
2020-02-04,9161.62719772,3297.59008789,146.42999268
2020-02-05,9628.13677586,3334.68994141,146.61000061
2020-02-06,9739.28043647,3345.78002930,147.39999390
2020-02-07,9800.27939982,3327.70996094,147.78999329
2020-02-08,9911.29340842,,
2020-02-09,10151.08320269,,
2020-02-10,9872.36187306,3352.09008789,148.16999817
2020-02-11,10272.22255587,3357.75000000,147.66000366
2020-02-12,10360.13522291,3379.44995117,147.53999329
2020-02-13,10235.49732262,3373.93994141,148.38000488
2020-02-14,10361.61569018,3380.15991211,149.00000000
2020-02-15,9911.72432700,,
2020-02-16,9952.04661157,,
2020-02-17,9683.07962770,,
2020-02-18,10195.30379047,3370.29003906,150.91000366
2020-02-19,9636.00229866,3386.14990234,151.78999329
2020-02-20,9614.03012244,3373.22998047,152.41000366
2020-02-21,9701.79750269,3337.75000000,154.69999695
2020-02-22,9675.24905757,,
2020-02-23,9972.84242309,,
2020-02-24,9648.00788311,3225.88989258,156.08999634
2020-02-25,9344.28714009,3128.20996094,153.30000305
2020-02-26,8798.88894857,3116.38989258,153.97000122
2020-02-27,8779.02948188,2978.76000977,154.00000000
2020-02-28,8750.59344600,2954.21997070,148.38000488
2020-02-29,8582.09029965,,
2020-03-01,8541.77389392,,
2020-03-02,8906.21475646,3090.22998047,149.19999695
2020-03-03,8768.81061420,3003.37011719,153.88999939
2020-03-04,8756.36957218,3130.12011719,154.16000366
2020-03-05,9062.61580275,3023.93994141,157.49000549
2020-03-06,9147.08505897,2972.37011719,157.55000305
2020-03-07,8898.30695675,,
2020-03-08,8109.61454115,,
2020-03-09,7896.38531987,2746.56005859,157.80999756
2020-03-10,7909.92787545,2882.22998047,154.47999573
2020-03-11,7939.34133477,2741.37988281,153.92999268
2020-03-12,4959.31341438,2480.63989258,147.78999329
2020-03-13,5627.69238837,2711.02001953,143.27999878
2020-03-14,5145.17250643,,
2020-03-15,5358.61066335,,
2020-03-16,5012.92738778,2386.12988281,141.63999939
2020-03-17,5416.75471070,2529.18994141,143.55999756
2020-03-18,5392.48783594,2398.10009766,140.69999695
2020-03-19,6203.55163209,2409.38989258,138.03999329
2020-03-20,6174.14947604,2304.91992188,140.11000061
2020-03-21,6175.83102221,,
2020-03-22,5830.56097960,,
2020-03-23,6486.40865733,2237.39990234,146.30000305
2020-03-24,6775.05761894,2447.33007812,153.39999390
2020-03-25,6689.96901286,2475.56005859,151.30000305
2020-03-26,6754.46033606,2630.07006836,153.24000549
2020-03-27,6490.79541502,2541.46997070,152.25000000
2020-03-28,6231.81989024,,
2020-03-29,5904.85758679,,
2020-03-30,6436.90570018,2626.64990234,152.91999817
2020-03-31,6432.38324214,2584.59008789,148.05000305
2020-04-01,6643.11000871,2470.50000000,149.44999695
2020-04-02,6792.74222209,2526.89990234,151.89999390
2020-04-03,6751.90255178,2488.64990234,152.64999390
2020-04-04,6859.98916867,,
2020-04-05,6790.81247265,,
2020-04-06,7298.17374518,2663.67993164,156.88000488
2020-04-07,7187.59333665,2659.40991211,156.03999329
2020-04-08,7372.19476400,2749.97998047,154.64999390
2020-04-09,7299.57918790,2789.82006836,158.69000244
2020-04-10,6859.82267475,,
2020-04-11,6883.18222896,,
2020-04-12,6978.66628662,,
2020-04-13,6863.57553320,2761.62988281,161.41000366
2020-04-14,6875.53850345,2846.06005859,162.67999268
2020-04-15,6625.47577510,2783.36010742,161.85000610
2020-04-16,7127.79228223,2799.55004883,161.71000671
2020-04-17,7081.39519842,2874.56005859,158.57000732
2020-04-18,7262.79234360,,
2020-04-19,7150.24421546,,
2020-04-20,6853.27341479,2823.15991211,159.69999695
2020-04-21,6870.42369866,2736.56005859,158.61000061
2020-04-22,7123.65691993,2799.31005859,161.72999573
2020-04-23,7488.60516528,2797.80004883,163.33999634
2020-04-24,7506.44331648,2836.73999023,162.63999939
2020-04-25,7537.73820912,,
2020-04-26,7684.06852168,,
2020-04-27,7777.49151859,2878.47998047,161.55999756
2020-04-28,7769.89969842,2863.38989258,160.83999634
2020-04-29,8761.83716955,2939.51000977,161.72999573
2020-04-30,8652.41099123,2912.42993164,158.80000305
2020-05-01,8855.53525827,2830.70996094,159.77999878
2020-05-02,8977.28170538,,
2020-05-03,8896.79563840,,
2020-05-04,8881.95430450,2842.73999023,160.33999634
2020-05-05,8985.87959936,2868.43994141,161.02000427
2020-05-06,9266.81307306,2848.41992188,158.94999695
2020-05-07,9993.75317686,2881.18994141,161.38999939
2020-05-08,9859.32360462,2929.80004883,160.41999817
2020-05-09,9577.33892238,,
2020-05-10,8715.03329322,,
2020-05-11,8591.65288434,2930.18994141,159.41999817
2020-05-12,8817.25068112,2870.12011719,160.03999329
2020-05-13,9322.99720205,2820.00000000,161.58000183
2020-05-14,9801.26948773,2852.50000000,163.00999451
2020-05-15,9326.87585891,2863.69995117,163.92999268
2020-05-16,9395.47538930,,
2020-05-17,9682.53248118,,
2020-05-18,9726.85002209,2953.90991211,162.69000244
2020-05-19,9754.20146201,2922.93994141,164.25999451
2020-05-20,9515.70255026,2971.61010742,164.64999390
2020-05-21,9068.80122934,2948.51000977,162.25000000
2020-05-22,9161.81503390,2955.44995117,163.21000671
2020-05-23,9183.66212507,,
2020-05-24,8806.23065716,,
2020-05-25,8909.19258153,,
2020-05-26,8835.13725336,2991.77001953,160.88999939
2020-05-27,9169.05743922,3036.12988281,161.17999268
2020-05-28,9568.26185301,3029.72998047,161.72000122
2020-05-29,9432.41333343,3044.31005859,162.91000366
2020-05-30,9691.68049117,,
2020-05-31,9433.94384664,,
2020-06-01,10199.13505424,3055.72998047,163.66000366
2020-06-02,9512.34653302,3080.82006836,162.60000610
2020-06-03,9642.27340035,3122.87011719,159.60000610
2020-06-04,9813.36067914,3112.35009766,161.27999878
2020-06-05,9641.89162256,3193.92993164,158.00999451
2020-06-06,9668.67053857,,
2020-06-07,9747.58011105,,
2020-06-08,9769.34236148,3232.38989258,159.72000122
2020-06-09,9779.42216566,3207.17993164,161.25999451
2020-06-10,9888.44417469,3190.13989258,163.57000732
2020-06-11,9277.45116932,3002.10009766,162.38999939
2020-06-12,9456.16153331,3041.31005859,162.61999512
2020-06-13,9461.33379866,,
2020-06-14,9342.95563530,,
2020-06-15,9441.38321128,3066.59008789,162.33000183
2020-06-16,9520.09194828,3124.73999023,162.25000000
2020-06-17,9448.69356061,3113.48999023,162.55999756
2020-06-18,9389.99076639,3115.34008789,162.24000549
2020-06-19,9285.99158293,3097.73999023,164.02999878
2020-06-20,9357.29246447,,
2020-06-21,9284.76937183,,
2020-06-22,9684.62018475,3117.86010742,165.08999634
2020-06-23,9611.72599825,3131.29003906,166.47999573
2020-06-24,9292.94354354,3050.33007812,165.89999390
2020-06-25,9247.12143250,3083.76000977,165.80000305
2020-06-26,9159.43777206,3009.05004883,166.53999329
2020-06-27,9002.16561718,,
2020-06-28,9108.06567458,,
2020-06-29,9184.24736628,3053.23999023,166.63000488
2020-06-30,9143.96758530,3100.29003906,167.36999512
2020-07-01,9241.33961239,3115.86010742,166.61999512
2020-07-02,9094.38728679,3130.01000977,166.97999573
2020-07-03,9066.69069661,,
2020-07-04,9126.21955494,,
2020-07-05,9079.61401809,,
2020-07-06,9338.94259117,3179.71997070,167.97999573
2020-07-07,9252.15873261,3145.32006836,169.03999329
2020-07-08,9434.56795646,3169.93994141,170.08999634
2020-07-09,9231.50234752,3152.05004883,169.63000488
2020-07-10,9285.22101543,3185.04003906,169.19000244
2020-07-11,9237.17100818,,
2020-07-12,9289.09797691,,
2020-07-13,9236.62250117,3155.21997070,169.39999390
2020-07-14,9260.35698685,3197.52001953,170.19000244
2020-07-15,9196.72555897,3226.56005859,170.33999634
2020-07-16,9132.59231210,3215.57006836,168.72999573
2020-07-17,9156.46870976,3224.72998047,170.11999512
2020-07-18,9175.90530859,,
2020-07-19,9218.84231081,,
2020-07-20,9167.19056750,3251.84008789,170.94000244
2020-07-21,9388.57434980,3257.30004883,173.00000000
2020-07-22,9531.25743016,3276.02001953,175.63000488
2020-07-23,9609.16671537,3235.65991211,177.17999268
2020-07-24,9548.10072706,3215.62988281,178.69999695
2020-07-25,9702.45279047,,
2020-07-26,9933.90655424,,
2020-07-27,11046.50832951,3239.40991211,182.22999573
2020-07-28,10944.61297890,3218.43994141,183.75000000
2020-07-29,11115.77128200,3258.43994141,185.13000488
2020-07-30,11135.39072618,3246.21997070,183.75999451
2020-07-31,11338.19734079,3271.12011719,185.42999268
2020-08-01,11797.58212653,,
2020-08-02,11094.02068413,,
2020-08-03,11236.09568054,3294.61010742,185.63999939
2020-08-04,11202.65190906,3306.51000977,189.58999634
2020-08-05,11721.43847160,3327.77001953,191.35000610
2020-08-06,11769.30910812,3349.15991211,193.88999939
2020-08-07,11598.96905850,3351.28002930,190.80999756
2020-08-08,11743.00863501,,
2020-08-09,11680.51736616,,
2020-08-10,11870.36954471,3360.46997070,190.14999390
2020-08-11,11392.64408843,3333.68994141,179.94000244
2020-08-12,11575.51247370,3380.35009766,179.10000610
2020-08-13,11773.44811555,3373.42993164,183.33000183
2020-08-14,11774.40825190,3372.85009766,182.53999329
2020-08-15,11866.91036131,,
2020-08-16,11899.64275359,,
2020-08-17,12315.76241666,3381.98999023,186.50000000
2020-08-18,11992.69599626,3389.78002930,188.17999268
2020-08-19,11736.84906452,3374.85009766,182.24000549
2020-08-20,11867.52034395,3385.51000977,183.50000000
2020-08-21,11524.69894915,3397.15991211,182.02999878
2020-08-22,11682.28915038,,
2020-08-23,11665.60927352,,
2020-08-24,11771.40805374,3431.28002930,181.00000000
2020-08-25,11358.45432028,3443.62011719,181.22000122
2020-08-26,11472.04912046,3478.72998047,183.36000061
2020-08-27,11314.67374103,3484.55004883,181.24000549
2020-08-28,11527.88303223,3508.01000977,184.38999939
2020-08-29,11490.76234775,,
2020-08-30,11698.97583296,,
2020-08-31,11678.34822688,3500.31005859,184.83000183
2020-09-01,11970.36485617,3526.64990234,185.05000305
2020-09-02,11414.52093366,3580.84008789,182.61999512
2020-09-03,10261.49440953,3455.06005859,181.13999939
2020-09-04,10471.96641333,3426.95996094,181.63999939
2020-09-05,10128.64358609,,
2020-09-06,10253.29989801,,
2020-09-07,10367.87835435,,
2020-09-08,10108.63545015,3331.84008789,181.28999329
2020-09-09,10223.11140912,3398.95996094,183.05000305
2020-09-10,10334.63073022,3339.18994141,182.46000671
2020-09-11,10387.02074196,3340.96997070,182.44999695
2020-09-12,10436.97783226,,
2020-09-13,10322.52361485,,
2020-09-14,10662.71991233,3383.54003906,183.88999939
2020-09-15,10779.38102496,3401.19995117,183.44999695
2020-09-16,10968.32054658,3385.48999023,183.97000122
2020-09-17,10936.29275056,3357.01000977,182.96000671
2020-09-18,10920.11284395,3319.46997070,183.19999695
2020-09-19,11073.77954781,,
2020-09-20,10921.21809982,,
2020-09-21,10455.37996230,3281.06005859,179.52000427
2020-09-22,10519.83916411,3315.57006836,178.64999390
2020-09-23,10233.29956873,3236.91992188,174.78999329
2020-09-24,10739.04270941,3246.59008789,175.44000244
2020-09-25,10683.63058065,3298.45996094,174.94000244
2020-09-26,10742.03042022,,
2020-09-27,10758.82428995,,
2020-09-28,10727.37505412,3351.60009766,176.69999695
2020-09-29,10841.14274448,3335.46997070,178.19000244
2020-09-30,10772.35176680,3363.00000000,177.11999512
2020-10-01,10606.61733255,3380.80004883,178.69999695
2020-10-02,10570.10567779,3348.41992188,178.53999329
2020-10-03,10555.70543396,,
2020-10-04,10665.61862244,,
2020-10-05,10772.63559959,3408.60009766,179.41000366
2020-10-06,10596.37354939,3360.96997070,177.30000305
2020-10-07,10667.19439416,3419.43994141,177.22000122
2020-10-08,10902.52936371,3446.83007812,177.85000610
2020-10-09,11074.10367978,3477.13989258,181.08000183
2020-10-10,11302.85428644,,
2020-10-11,11378.26252846,,
2020-10-12,11548.40155669,3534.21997070,180.55999756
2020-10-13,11434.96878492,3511.92993164,177.72000122
2020-10-14,11417.10811391,3488.66992188,178.27000427
2020-10-15,11502.58123904,3483.34008789,178.91999817
2020-10-16,11338.98717656,3483.81005859,178.30000305
2020-10-17,11362.80221742,,
2020-10-18,11489.62256505,,
2020-10-19,11745.81196756,3426.91992188,178.38999939
2020-10-20,11929.45725073,3443.12011719,179.25000000
2020-10-21,12848.49061777,3435.56005859,180.60000610
2020-10-22,12997.49934179,3453.48999023,178.83000183
2020-10-23,12953.42969696,3465.38989258,178.63999939
2020-10-24,13113.86692314,,
2020-10-25,13041.64103746,,
2020-10-26,13080.65616984,3400.96997070,178.55000305
2020-10-27,13675.52392753,3390.67993164,179.02000427
2020-10-28,13290.32884980,3271.03002930,176.13000488
2020-10-29,13475.21730070,3310.11010742,175.39999390
2020-10-30,13603.29609088,3269.95996094,176.19999695
2020-10-31,13807.23361105,,
2020-11-01,13736.89941128,,
2020-11-02,13595.56476037,3310.23999023,177.91000366
2020-11-03,13996.91539860,3369.15991211,178.91999817
2020-11-04,14129.14819550,3443.43994141,178.82000732
2020-11-05,15606.46683372,3510.44995117,182.92999268
2020-11-06,15618.97247136,3509.43994141,183.19000244
2020-11-07,14866.35630450,,
2020-11-08,15500.00070719,,
2020-11-09,15319.81997253,3550.50000000,175.08000183
2020-11-10,15319.27567621,3545.53002930,175.66000366
2020-11-11,15731.24110579,3572.65991211,174.89999390
2020-11-12,16289.81489772,3537.01000977,175.96000671
2020-11-13,16330.06276797,3585.14990234,177.16000366
2020-11-14,16102.01001695,,
2020-11-15,15986.75499059,,
2020-11-16,16743.05393980,3626.90991211,177.14999390
2020-11-17,17682.16918703,3609.53002930,176.50000000
2020-11-18,17804.69002396,3567.79003906,175.49000549
2020-11-19,17818.66866219,3581.87011719,175.16000366
2020-11-20,18663.78185313,3557.54003906,175.69000244
2020-11-21,18706.58933542,,
2020-11-22,18482.69263174,,
2020-11-23,18373.25775979,3577.59008789,172.22999573
2020-11-24,19150.25104851,3635.40991211,169.58999634
2020-11-25,18748.39371303,3629.64990234,169.50999451
2020-11-26,17113.71687142,,
2020-11-27,17101.60301806,3638.35009766,167.78999329
2020-11-28,17745.37731245,,
2020-11-29,18190.86688042,,
2020-11-30,19664.40760666,3621.62988281,166.66999817
2020-12-01,18820.60778960,3662.44995117,170.17999268
2020-12-02,19214.87222905,3669.01000977,171.46000671
2020-12-03,19470.31120807,3666.71997070,172.80999756
2020-12-04,18732.96709100,3699.12011719,172.32000732
2020-12-05,19114.63313092,,
2020-12-06,19356.31367680,,
2020-12-07,19182.17683285,3691.95996094,174.88999939
2020-12-08,18340.97813770,3702.25000000,175.50000000
2020-12-09,18574.69673524,3672.82006836,172.50000000
2020-12-10,18294.84695149,3668.10009766,172.16999817
2020-12-11,18061.76002572,3663.45996094,172.49000549
2020-12-12,18813.28376856,,
2020-12-13,19156.08250555,,
2020-12-14,19286.75129924,3647.48999023,171.53999329
2020-12-15,19432.58846406,3694.62011719,173.94000244
2020-12-16,21370.72031864,3701.16992188,174.89999390
2020-12-17,22789.26741607,3722.47998047,176.74000549
2020-12-18,23048.76456108,3709.40991211,176.44000244
2020-12-19,23856.77351923,,
2020-12-20,23528.55061356,,
2020-12-21,22937.41834354,3694.91992188,175.88000488
2020-12-22,23756.88876856,3687.26000977,174.49000549
2020-12-23,23307.27090181,3690.01000977,175.64999390
2020-12-24,23707.63304407,3703.06005859,176.35000610
2020-12-25,24669.16432203,,
2020-12-26,26478.06810520,,
2020-12-27,26430.85659719,,
2020-12-28,27039.34901999,3735.36010742,175.71000671
2020-12-29,27231.20345529,3727.04003906,176.35000610
2020-12-30,28844.61367820,3732.04003906,177.69999695
2020-12-31,29022.67141262,3756.07006836,178.36000061
2021-01-01,29380.69373279,,
2021-01-02,32022.68105786,,
2021-01-03,33277.83530508,,
2021-01-04,31802.14671362,3700.64990234,182.33000183
2021-01-05,34013.17417241,3726.86010742,182.86999512
2021-01-06,36643.27772238,3748.13989258,179.89999390
2021-01-07,39215.65114904,3803.79003906,179.47999573
2021-01-08,40775.40456341,3824.67993164,173.33999634
2021-01-09,40370.68234950,,
2021-01-10,38329.34016657,,
2021-01-11,35269.51371771,3799.61010742,173.00000000
2021-01-12,33712.46854530,3801.18994141,174.11999512
2021-01-13,37296.54752776,3809.84008789,173.36999512
2021-01-14,39045.51834015,3795.54003906,173.27999878
2021-01-15,36710.31742490,3768.25000000,171.13000488
2021-01-16,36177.26109702,,
2021-01-17,36069.93946680,,
2021-01-18,36594.29640181,,
2021-01-19,36250.14618936,3798.90991211,172.58000183
2021-01-20,35515.48001286,3851.85009766,175.38999939
2021-01-21,31022.95102805,3853.07006836,175.27999878
2021-01-22,32986.43575687,3841.46997070,173.89999390
2021-01-23,32036.28227236,,
2021-01-24,32216.10429047,,
2021-01-25,32419.70594623,3855.36010742,174.05000305
2021-01-26,32640.63914261,3849.62011719,173.61999512
2021-01-27,30358.93472355,3750.77001953,172.52000427
2021-01-28,33511.28759515,3787.37988281,172.67999268
2021-01-29,34166.14942595,3714.23999023,172.61000061
2021-01-30,34349.91709527,,
2021-01-31,33157.83257452,,
2021-02-01,33570.27184687,3773.86010742,174.22999573
2021-02-02,35596.14890941,3826.31005859,172.11000061
2021-02-03,37578.37320690,3830.16992188,171.85000610
2021-02-04,37129.20293770,3871.73999023,168.14999390
2021-02-05,38045.41360842,3886.83007812,169.80999756
2021-02-06,39341.72708124,,
2021-02-07,39003.01218177,,
2021-02-08,46121.93407247,3915.59008789,171.52000427
2021-02-09,46548.16199123,3911.22998047,172.08000183
2021-02-10,45078.12835026,3909.87988281,172.71000671
2021-02-11,47892.84091818,3916.37988281,171.21000671
2021-02-12,47525.20914319,3934.83007812,170.69000244
2021-02-13,47208.62502706,,
2021-02-14,48829.82750964,,
2021-02-15,48110.24173349,,
2021-02-16,49140.38265780,3932.59008789,168.24000549
2021-02-17,52224.93911397,3931.33007812,166.33000183
2021-02-18,51650.06994857,3913.96997070,166.32000732
2021-02-19,55820.50440386,3906.70996094,167.00999451
2021-02-20,55861.82056710,,
2021-02-21,57500.71611029,,
2021-02-22,53952.15333863,3876.50000000,169.50999451
2021-02-23,48560.48903507,3881.37011719,169.11999512
2021-02-24,49567.34568907,3925.42993164,169.00000000
2021-02-25,47568.13117008,3829.34008789,165.82000732
2021-02-26,46231.76757849,3811.14990234,161.80999756
2021-02-27,45834.51336119,,
2021-02-28,45359.46416423,,
2021-03-01,49634.44710929,3901.82006836,161.52999878
2021-03-02,48304.70548790,3870.29003906,162.41000366
2021-03-03,50690.46718352,3819.71997070,160.61999512
2021-03-04,48472.79547516,3768.46997070,159.03999329
2021-03-05,48800.81735944,3841.93994141,159.13999939
2021-03-06,48970.52448685,,
2021-03-07,51086.46817943,,
2021-03-08,52088.47513150,3821.35009766,157.49000549
2021-03-09,54739.13525424,3875.43994141,160.83999634
2021-03-10,56116.04091233,3898.81005859,161.66000366
2021-03-11,57847.25493571,3939.34008789,161.52000427
2021-03-12,57334.64153478,3943.34008789,161.49000549
2021-03-13,61288.79412764,,
2021-03-14,59905.61847049,,
2021-03-15,56121.12192402,3968.93994141,162.19999695
2021-03-16,56500.44602572,3962.70996094,162.35000610
2021-03-17,58683.06598247,3974.12011719,163.50999451
2021-03-18,57731.47984109,3915.45996094,162.55999756
2021-03-19,58168.12192227,3913.10009766,163.24000549
2021-03-20,58247.88470660,,
2021-03-21,57447.93301987,,
2021-03-22,54453.13735085,3940.59008789,163.00000000
2021-03-23,54563.61194582,3910.52001953,161.80999756
2021-03-24,52595.41132379,3889.13989258,162.36999512
2021-03-25,51547.12489538,3909.52001953,161.77999878
2021-03-26,54817.85711222,3974.54003906,162.24000549
2021-03-27,56019.83730555,,
2021-03-28,55713.03813968,,
2021-03-29,57571.23334775,3971.09008789,160.30999756
2021-03-30,58684.54839217,3958.55004883,157.57000732
2021-03-31,58792.19482759,3972.88989258,159.96000671
2021-04-01,58818.97709860,4019.87011719,161.97999573
2021-04-02,59031.53401923,,
2021-04-03,57282.38962478,,
2021-04-04,58202.19939199,,
2021-04-05,58755.85252951,4077.90991211,161.91999817
2021-04-06,58084.06642314,4073.93994141,163.22000122
2021-04-07,56266.83467621,4079.94995117,162.75999451
2021-04-08,57963.34459942,4097.16992188,164.50999451
2021-04-09,58051.76255640,4128.79980469,163.27000427
2021-04-10,59651.55898773,,
2021-04-11,59932.93064699,,
2021-04-12,59905.93637446,4127.99023438,162.27999878
2021-04-13,63445.63831444,4141.58984375,163.42999268
2021-04-14,62869.49558738,4124.66015625,162.72000122
2021-04-15,63231.16298714,4170.41992188,165.35000610
2021-04-16,61571.11009059,4185.47021484,166.35000610
2021-04-17,60280.87617580,,
2021-04-18,56389.55798130,,
2021-04-19,55798.13707715,4163.25976562,165.88999939
2021-04-20,56474.37375862,4134.93994141,166.47999573
2021-04-21,54025.79957452,4173.41992188,168.13000488
2021-04-22,51882.05981064,4134.97998047,167.03999329
2021-04-23,50954.91006078,4180.16992188,166.39999390
2021-04-24,50279.94844641,,
2021-04-25,48946.94074284,,
2021-04-26,53943.34997838,4187.62011719,166.83999634
2021-04-27,55027.03098480,4186.72021484,166.41999817
2021-04-28,54787.37870719,4183.18017578,166.91000366
2021-04-29,53567.08119380,4211.47021484,166.22000122
2021-04-30,57741.44441654,4181.16992188,165.66000366
2021-05-01,57863.59039275,,
2021-05-02,56572.59684103,,
2021-05-03,57243.04160549,4192.66015625,167.80999756
2021-05-04,53724.10892519,4164.66015625,166.58000183
2021-05-05,57342.02566160,4167.58984375,167.27000427
2021-05-06,56527.35297896,4201.62011719,170.05999756
2021-05-07,57341.06845494,4232.60009766,171.58999634
2021-05-08,58736.12589509,,
2021-05-09,58288.42563039,,
2021-05-10,55902.92773992,4188.43017578,172.11000061
2021-05-11,56612.10264874,4152.10009766,172.13999939
2021-05-12,50972.35508124,4063.04003906,170.42999268
2021-05-13,49368.61447399,4112.50000000,171.13000488
2021-05-14,49997.39590111,4173.85009766,172.69000244
2021-05-15,47047.96333314,,
2021-05-16,46022.50370900,,
2021-05-17,43492.39548334,4163.29003906,174.69999695
2021-05-18,42789.80939217,4127.83007812,175.03999329
2021-05-19,37642.52000175,4115.68017578,175.16000366
2021-05-20,40799.40214757,4159.12011719,175.96000671
2021-05-21,37174.33110140,4155.85986328,176.03999329
2021-05-22,37643.41979836,,
2021-05-23,34774.20722192,,
2021-05-24,38630.40911864,4197.04980469,176.35000610
2021-05-25,38269.77107475,4188.12988281,177.94999695
2021-05-26,39194.85889801,4195.99023438,177.63999939
2021-05-27,38510.85704179,4200.87988281,177.71000671
2021-05-28,35596.71795102,4204.10986328,178.38000488
2021-05-29,34681.81836704,,
2021-05-30,35652.16877031,,
2021-05-31,37312.97489702,,
2021-06-01,36661.37811847,4202.04003906,177.89999390
2021-06-02,37639.45567329,4208.12011719,178.77000427
2021-06-03,39160.15041321,4192.85009766,175.27000427
2021-06-04,36884.37355517,4229.89013672,177.16000366
2021-06-05,35409.56723665,,
2021-06-06,35720.60435465,,
2021-06-07,33724.90775178,4226.52001953,177.86999512
2021-06-08,33475.04892344,4227.25976562,177.32000732
2021-06-09,37372.98889538,4219.54980469,176.97999573
2021-06-10,36826.00221859,4239.18017578,177.74000549
2021-06-11,37185.39312683,4247.43994141,175.74000549
2021-06-12,35669.17128171,,
2021-06-13,38925.41942899,,
2021-06-14,40455.59598334,4255.14990234,174.71000671
2021-06-15,40254.65146791,4246.58984375,174.05000305
2021-06-16,38265.54377265,4223.70019531,171.11000061
2021-06-17,38018.64323466,4221.85986328,165.85000610
2021-06-18,35714.31207873,4166.45019531,164.92999268
2021-06-19,35555.97639667,,
2021-06-20,35599.94187843,,
2021-06-21,31715.15986242,4224.79003906,166.94999695
2021-06-22,32394.55559497,4246.43994141,166.25000000
2021-06-23,33610.49681297,4241.83984375,166.13999939
2021-06-24,34658.97287598,4266.49023438,166.03999329
2021-06-25,31683.50320047,4280.70019531,166.58999634
2021-06-26,31890.67644652,,
2021-06-27,34506.49119755,,
2021-06-28,34376.18853898,4290.60986328,166.58000183
2021-06-29,35933.77821788,4291.79980469,164.83000183
2021-06-30,35065.46615336,4297.50000000,165.63000488
2021-07-01,33505.08049351,4319.93994141,166.19999695
2021-07-02,33782.94594646,4352.33984375,167.28999329
2021-07-03,34588.22429164,,
2021-07-04,35355.60788837,,
2021-07-05,33911.75384044,,
2021-07-06,34123.98156809,4343.54003906,168.11999512
2021-07-07,33931.61863822,4358.12988281,168.75999451
2021-07-08,32819.65953121,4320.81982422,168.64999390
2021-07-09,33914.88107423,4369.54980469,169.21000671
2021-07-10,33610.94583869,,
2021-07-11,34258.44138983,,
2021-07-12,33135.23591175,4384.62988281,169.00000000
2021-07-13,32641.97596102,4369.20996094,169.22000122
2021-07-14,32798.28451899,4374.29980469,171.03999329
2021-07-15,31707.69003682,4360.02978516,171.07000732
2021-07-16,31455.71758188,4327.16015625,169.41000366
2021-07-17,31547.95119901,,
2021-07-18,31707.70385272,,
2021-07-19,30883.46974623,4258.49023438,169.61000061
2021-07-20,29766.65771829,4323.06005859,169.38999939
2021-07-21,32119.65722583,4358.68994141,168.75999451
2021-07-22,32306.96142858,4367.47998047,169.08999634
2021-07-23,33439.59570286,4411.79003906,168.55999756
2021-07-24,34166.91465459,,
2021-07-25,35119.93743600,,
2021-07-26,37444.78251023,4422.29980469,168.16000366
2021-07-27,39126.54028814,4401.45996094,168.44000244
2021-07-28,39939.19404325,4400.64013672,169.28999329
2021-07-29,40086.16439509,4419.14990234,171.16999817
2021-07-30,41789.66709819,4395.25976562,169.82000732
2021-07-31,41793.31374810,,
2021-08-01,39968.96895441,,
2021-08-02,39304.18628358,4387.16015625,169.61000061
2021-08-03,38288.82539755,4423.14990234,169.49000549
2021-08-04,39773.91134892,4402.66015625,169.52999878
2021-08-05,40941.65043425,4429.10009766,168.86000061
2021-08-06,42790.35732846,4436.52001953,164.63999939
2021-08-07,44484.90058621,,
2021-08-08,43972.30101812,,
2021-08-09,46265.64245646,4432.35009766,161.72000122
2021-08-10,45488.79126242,4436.75000000,161.77000427
2021-08-11,45676.32636119,4442.41015625,164.00000000
2021-08-12,44405.74834833,4460.83007812,164.03999329
2021-08-13,47717.48535593,4468.00000000,166.38999939
2021-08-14,47124.20507364,,
2021-08-15,47074.37071011,,
2021-08-16,45984.71990707,4479.70996094,167.22000122
2021-08-17,44714.09679825,4448.08007812,166.97000122
2021-08-18,44954.36374693,4400.27001953,167.10000610
2021-08-19,46646.86150497,4405.79980469,166.61000061
2021-08-20,49240.83560491,4441.66992188,166.69999695
2021-08-21,49070.24097019,,
2021-08-22,49363.31609527,,
2021-08-23,49590.87636762,4479.52978516,168.72999573
2021-08-24,47925.86221274,4486.22998047,168.64999390
2021-08-25,49002.31660491,4496.18994141,167.47999573
2021-08-26,47190.34499299,4470.00000000,167.66999817
2021-08-27,49048.47558913,4509.37011719,170.19000244
2021-08-28,48852.46879953,,
2021-08-29,48948.34795792,,
2021-08-30,47125.76851899,4528.79003906,169.35000610
2021-08-31,47219.24434249,4522.68017578,169.69000244
2021-09-01,48688.53755728,4524.08984375,169.69999695
2021-09-02,49369.58627469,4536.95019531,169.25000000
2021-09-03,49860.53416353,4535.43017578,171.05999756
2021-09-04,49919.57756365,,
2021-09-05,51747.64385652,,
2021-09-06,52640.58837405,,
2021-09-07,46854.40060286,4520.02978516,167.71000671
2021-09-08,46187.97573063,4514.06982422,167.28999329
2021-09-09,46448.77482905,4493.27978516,168.02999878
2021-09-10,44765.27557627,4458.58007812,167.17999268
2021-09-11,45098.59164477,,
2021-09-12,46180.61245640,,
2021-09-13,44991.52212770,4468.72998047,167.74000549
2021-09-14,47022.61775979,4443.04980469,168.82000732
2021-09-15,48167.18936762,4480.70019531,167.83000183
2021-09-16,47797.32832379,4473.75000000,164.02999878
2021-09-17,47213.79412946,4432.99023438,163.77000427
2021-09-18,48204.01365196,,
2021-09-19,47218.47399649,,
2021-09-20,42855.51034483,4357.72998047,164.94000244
2021-09-21,40526.48937610,4354.18994141,166.03999329
2021-09-22,43577.57248217,4395.64013672,165.41999817
2021-09-23,44861.29803290,4448.97998047,163.50999451
2021-09-24,42803.30770105,4455.47998047,163.30000305
2021-09-25,42735.26582408,,
2021-09-26,43131.29417738,,
2021-09-27,42496.78522501,4443.10986328,163.63999939
2021-09-28,41223.78627434,4352.62988281,162.05000305
2021-09-29,41453.94701315,4359.45996094,161.32000732
2021-09-30,43781.54601549,4307.54003906,164.22000122
2021-10-01,48078.13155435,4357.04003906,164.58999634
2021-10-02,47792.43919433,,
2021-10-03,48202.62291771,,
2021-10-04,49288.50131064,4300.45996094,165.36000061
2021-10-05,51558.04933191,4345.72021484,164.58999634
2021-10-06,55419.80041116,4363.54980469,165.02999878
2021-10-07,53805.15691257,4399.75976562,164.16000366
2021-10-08,53933.52759088,4391.33984375,164.22999573
2021-10-09,55010.92247516,,
2021-10-10,54701.27970222,,
2021-10-11,57289.18645704,4361.18994141,163.91999817
2021-10-12,56196.18125979,4350.64990234,164.66000366
2021-10-13,57348.89287697,4363.79980469,167.58999634
2021-10-14,57384.03691467,4438.25976562,168.00000000
2021-10-15,61446.08400731,4471.37011719,165.33000183
2021-10-16,60932.06321192,,
2021-10-17,61462.22237230,,
2021-10-18,61977.05755143,4486.45996094,164.91999817
2021-10-19,64290.89775745,4519.62988281,165.44999695
2021-10-20,66061.79656400,4536.18994141,166.89999390
2021-10-21,62373.88562069,4549.77978516,166.75000000
2021-10-22,60750.96737183,4544.89990234,167.77000427
2021-10-23,61250.08262887,,
2021-10-24,60865.44705231,,
2021-10-25,63031.67290152,4566.47998047,168.92999268
2021-10-26,60393.98027382,4574.79003906,167.67999268
2021-10-27,58563.33598998,4551.68017578,168.11999512
2021-10-28,60564.57211222,4596.41992188,168.08000183
2021-10-29,62230.80556897,4605.37988281,166.64999390
2021-10-30,61742.91653214,,
2021-10-31,61432.97006283,,
2021-11-01,61092.09505921,4613.66992188,167.52000427
2021-11-02,63024.74722969,4630.64990234,167.16000366
2021-11-03,62955.98176300,4660.56982422,165.77000427
2021-11-04,61393.88997802,4680.06005859,167.64999390
2021-11-05,61005.84083372,4697.52978516,169.83999634
2021-11-06,61455.05362688,,
2021-11-07,63043.82905903,,
2021-11-08,67541.75550818,4701.70019531,170.44999695
2021-11-09,67095.58567066,4685.25000000,171.28999329
2021-11-10,64756.07796891,4646.70996094,173.14999390
2021-11-11,64962.93129398,4649.27001953,174.11999512
2021-11-12,64078.96803741,4682.85009766,174.44999695
2021-11-13,64397.79120631,,
2021-11-14,65032.22565482,,
2021-11-15,63753.50315926,4682.79980469,174.17999268
2021-11-16,60322.49785301,4700.89990234,172.91999817
2021-11-17,60154.30836616,4688.66992188,174.50000000
2021-11-18,56794.15562712,4704.54003906,173.94000244
2021-11-19,58014.07298890,4697.95996094,172.61000061
2021-11-20,59749.47382291,,
2021-11-21,59032.62410175,,
2021-11-22,56383.56587610,4682.93994141,168.74000549
2021-11-23,57642.26579807,4690.70019531,167.27999878
2021-11-24,57141.83037843,4701.45996094,167.11999512
2021-11-25,59008.65547925,,
2021-11-26,53800.61783898,4594.62011719,166.85000610
2021-11-27,54635.88246289,,
2021-11-28,57248.56969638,,
2021-11-29,57920.71072998,4655.27001953,166.61999512
2021-11-30,57097.01279427,4567.00000000,165.50000000
2021-12-01,57180.60984395,4513.04003906,166.16000366
2021-12-02,56582.89376914,4577.10009766,165.24000549
2021-12-03,53671.61606809,4538.43017578,166.63000488
2021-12-04,49159.73579836,,
2021-12-05,49327.09359994,,
2021-12-06,50535.42522326,4591.66992188,166.22000122
2021-12-07,50574.47283448,4686.75000000,166.80999756
2021-12-08,50500.65435137,4701.20996094,166.89999390
2021-12-09,47937.82284582,4667.45019531,165.88000488
2021-12-10,47437.22897253,4712.02001953,166.58000183
2021-12-11,49321.76932525,,
2021-12-12,50136.57225687,,
2021-12-13,46785.32784103,4668.97021484,167.00000000
2021-12-14,48292.68225015,4634.08984375,165.44000244
2021-12-15,48830.62238603,4709.85009766,166.14999390
2021-12-16,47663.46910771,4668.66992188,168.16000366
2021-12-17,46334.48374898,4620.64013672,167.80000305
2021-12-18,46904.87367534,,
2021-12-19,46876.42692402,,
2021-12-20,46954.76347832,4568.02001953,167.08999634
2021-12-21,49082.06246663,4649.22998047,167.02000427
2021-12-22,48692.09873916,4696.56005859,168.58999634
2021-12-23,50712.97076826,4725.79003906,168.97000122
2021-12-24,50783.83442110,,
2021-12-25,50590.45089766,,
2021-12-26,50798.30658591,,
2021-12-27,50796.37767358,4791.18994141,169.36999512
2021-12-28,47673.04404524,4786.35009766,168.63999939
2021-12-29,46470.32157510,4793.06005859,168.58999634
2021-12-30,47102.46300380,4778.72998047,169.80000305
2021-12-31,46355.11733027,4766.18017578,170.96000671
2022-01-01,47560.00938165,,
2022-01-02,47352.55775658,,
2022-01-03,46453.43235184,4796.56005859,168.33000183
2022-01-04,45905.96112215,4793.54003906,169.57000732
2022-01-05,43530.94403887,4700.58007812,169.05999756
2022-01-06,43144.96529281,4696.04980469,166.99000549
2022-01-07,41512.78458083,4677.02978516,167.75000000
2022-01-08,41799.81288486,,
2022-01-09,41886.49855698,,
2022-01-10,41816.95105611,4670.29003906,168.25999451
2022-01-11,42768.17861163,4713.06982422,170.28999329
2022-01-12,43961.02654413,4726.35009766,170.74000549
2022-01-13,42626.86539246,4659.02978516,170.16000366
2022-01-14,43102.64761806,4662.85009766,169.66999817
2022-01-15,43206.67448130,,
2022-01-16,43168.85966715,,
2022-01-17,42211.27039947,,
2022-01-18,42431.23196704,4577.10986328,169.38999939
2022-01-19,41787.72201286,4532.75976562,172.08000183
2022-01-20,40756.12616306,4482.72998047,171.64999390
2022-01-21,36492.28722414,4397.93994141,171.08999634
2022-01-22,34996.39096523,,
2022-01-23,36271.05026505,,
2022-01-24,36659.72522063,4410.12988281,172.02999878
2022-01-25,36952.58677323,4356.45019531,172.58000183
2022-01-26,36825.82459936,4349.93017578,169.78999329
2022-01-27,37021.93713326,4326.50976562,167.60000610
2022-01-28,37768.84748364,4431.85009766,167.10000610
2022-01-29,38088.29122800,,
2022-01-30,37983.50638457,,
2022-01-31,38462.67240298,4515.54980469,168.08999634
2022-02-01,38787.96408241,4546.54003906,168.22999573
2022-02-02,36942.33074933,4589.37988281,168.83999634
2022-02-03,37057.65218790,4477.43994141,168.60000610
2022-02-04,41079.90608814,4500.52978516,168.86000061
2022-02-05,41508.58169258,,
2022-02-06,42358.22517329,,
2022-02-07,43888.98011981,4483.87011719,170.11000061
2022-02-08,44167.44479456,4521.54003906,170.63000488
2022-02-09,44405.07320427,4587.18017578,171.21000671
2022-02-10,43614.34269608,4504.08007812,170.55999756
2022-02-11,42357.32174167,4418.64013672,173.80999756
2022-02-12,42173.45939626,,
2022-02-13,42195.59474518,,
2022-02-14,42646.16185909,4401.66992188,174.74000549
2022-02-15,44511.90848802,4471.06982422,173.08000183
2022-02-16,44065.70926739,4475.00976562,174.86000061
2022-02-17,40610.02426154,4380.25976562,177.25000000
2022-02-18,40044.22048568,4348.87011719,177.11999512
2022-02-19,40095.88732940,,
2022-02-20,38551.62249679,,
2022-02-21,37098.03600818,,
2022-02-22,38202.59408182,4304.75976562,177.49000549
2022-02-23,37308.26873442,4225.50000000,178.28999329
2022-02-24,38283.79040210,4288.70019531,177.13999939
2022-02-25,39323.77021584,4384.64990234,176.55000305
2022-02-26,39056.57815231,,
2022-02-27,37664.77928288,,
2022-02-28,43179.25451403,4373.93994141,178.38000488
2022-03-01,44334.45758241,4306.25976562,181.61999512
2022-03-02,43984.58492677,4386.54003906,179.72999573
2022-03-03,42492.77445529,4363.49023438,180.80000305
2022-03-04,39106.40521596,4328.87011719,183.67999268
2022-03-05,39383.88484337,,
2022-03-06,38399.34262683,,
2022-03-07,38146.73427323,4201.08984375,186.41000366
2022-03-08,38725.47726154,4170.70019531,191.50999451
2022-03-09,41989.40281794,4277.87988281,185.82000732
2022-03-10,39482.25846727,4259.52001953,186.39999390
2022-03-11,38825.36442145,4204.31005859,185.08999634
2022-03-12,38951.13001578,,
2022-03-13,37808.31740041,,
2022-03-14,39649.04532437,4173.10986328,182.30000305
2022-03-15,39356.81390006,4262.45019531,178.88999939
2022-03-16,41101.76857914,4357.85986328,180.00999451
2022-03-17,40966.41693250,4411.66992188,180.88999939
2022-03-18,41826.11607101,4463.12011719,179.30000305
2022-03-19,42193.16153624,,
2022-03-20,41294.72351292,,
2022-03-21,41064.42964816,4461.18017578,180.66999817
2022-03-22,42383.16951876,4511.60986328,179.36000061
2022-03-23,42734.20003559,4456.24023438,181.80999756
2022-03-24,43974.59358825,4520.16015625,183.13000488
2022-03-25,44347.03427966,4543.06005859,182.38000488
2022-03-26,44519.92686411,,
2022-03-27,46777.20562653,,
2022-03-28,47223.65288603,4575.52001953,179.05999756
2022-03-29,47463.70967709,4631.60009766,179.13999939
2022-03-30,47123.29714787,4602.45019531,180.58000183
2022-03-31,45562.21066657,4530.41015625,180.64999390
2022-04-01,46250.33628784,4545.85986328,179.50000000
2022-04-02,45939.89734892,,
2022-04-03,46440.54385389,,
2022-04-04,46663.00417709,4582.64013672,180.36999512
2022-04-05,45693.03506195,4525.12011719,179.24000549
2022-04-06,43304.93719901,4481.14990234,179.66000366
2022-04-07,43569.04716978,4500.20996094,180.33999634
2022-04-08,42222.06897721,4488.27978516,181.47000122
2022-04-09,42680.99473559,,
2022-04-10,42264.46339100,,
2022-04-11,39544.02518352,4412.52978516,182.36999512
2022-04-12,40096.36697487,4397.45019531,183.77000427
2022-04-13,41152.75545178,4446.58984375,184.64999390
2022-04-14,39916.49638428,4392.58984375,184.03999329
2022-04-15,40527.33195675,,
2022-04-16,40439.58812098,,
2022-04-17,39704.78397984,,
2022-04-18,40818.87860257,4391.68994141,184.61000061
2022-04-19,41489.66380117,4462.20996094,181.82000732
2022-04-20,41395.64458346,4459.45019531,182.71000671
2022-04-21,40457.49594185,4393.66015625,182.05999756
2022-04-22,39737.97350409,4271.77978516,180.28999329
2022-04-23,39582.45487200,,
2022-04-24,39511.64569287,,
2022-04-25,40473.74831765,4296.12011719,177.05000305
2022-04-26,38072.80087376,4175.20019531,177.32000732
2022-04-27,39218.53761748,4183.95996094,175.97999573
2022-04-28,39747.98942700,4287.50000000,176.92999268
2022-04-29,38609.50590707,4131.93017578,176.91000366
2022-04-30,37714.09498042,,
2022-05-01,38459.22697913,,
2022-05-02,38566.06288778,4155.37988281,173.63000488
2022-05-03,37704.40531531,4175.47998047,174.08999634
2022-05-04,39641.85217651,4300.16992188,175.80000305
2022-05-05,36502.02456014,4146.87011719,175.13000488
2022-05-06,36042.99955845,4123.33984375,175.41999817
2022-05-07,35508.71102279,,
2022-05-08,34058.90668615,,
2022-05-09,30457.92181940,3991.23999023,172.88000488
2022-05-10,30990.73516598,4001.05004883,171.41999817
2022-05-11,28796.55682174,3935.17993164,172.82000732
2022-05-12,29030.70704179,3930.08007812,170.16999817
2022-05-13,29285.93467183,4023.88989258,168.78999329
2022-05-14,30051.93575511,,
2022-05-15,31182.62124605,,
2022-05-16,29889.61247575,4008.01000977,170.39999390
2022-05-17,30438.19444769,4088.85009766,169.33000183
2022-05-18,28771.22047867,3923.67993164,169.41999817
2022-05-19,30257.88524839,3900.79003906,171.91000366
2022-05-20,29224.24599842,3901.36010742,172.02999878
2022-05-21,29420.07828580,,
2022-05-22,30331.87514173,,
2022-05-23,29088.25154196,3973.75000000,172.83000183
2022-05-24,29643.68375570,3941.47998047,174.13000488
2022-05-25,29577.25988019,3978.72998047,173.08000183
2022-05-26,29332.48604676,4057.84008789,172.75999451
2022-05-27,28612.04131034,4158.24023438,172.85000610
2022-05-28,29045.52063442,,
2022-05-29,29430.06898001,,
2022-05-30,31735.95497195,,
2022-05-31,31831.40952513,4132.14990234,171.13999939
2022-06-01,29825.92219930,4101.22998047,172.22999573
2022-06-02,30504.26799971,4176.81982422,174.35000610
2022-06-03,29662.67097089,4108.54003906,172.58000183
2022-06-04,29792.40767791,,
2022-06-05,29915.40930099,,
2022-06-06,31333.67701975,4121.43017578,171.82000732
2022-06-07,31175.03242899,4160.68017578,172.94000244
2022-06-08,30228.46469842,4115.77001953,172.77999878
2022-06-09,30064.48552893,4017.82006836,172.22999573
2022-06-10,29070.40003010,3900.86010742,174.53999329
2022-06-11,28360.78992314,,
2022-06-12,26830.28394565,,
2022-06-13,22316.25704004,3749.62988281,169.92999268
2022-06-14,22072.86630859,3735.47998047,168.57000732
2022-06-15,22520.79100877,3789.98999023,170.77000427
2022-06-16,20310.17698480,3666.77001953,172.69000244
2022-06-17,20464.92908732,3674.84008789,171.27000427
2022-06-18,19013.86725365,,
2022-06-19,20492.29516832,,
2022-06-20,20571.62922472,,
2022-06-21,20688.46513121,3764.79003906,170.63000488
2022-06-22,20003.16833752,3759.88989258,171.30999756
2022-06-23,21097.10283314,3795.72998047,170.25999451
2022-06-24,21299.07698539,3911.73999023,170.08999634
2022-06-25,21468.34315663,,
2022-06-26,21066.62094302,,
2022-06-27,20751.05169608,3900.11010742,169.89999390
2022-06-28,20263.21963939,3821.55004883,169.61999512
2022-06-29,20080.94808650,3818.83007812,169.49000549
2022-06-30,19332.91212946,3785.37988281,168.46000671
2022-07-01,19341.86312408,3825.33007812,168.32000732
2022-07-02,19231.83170836,,
2022-07-03,19276.51466394,,
2022-07-04,20226.29847458,,
2022-07-05,20193.34279380,3831.38989258,164.75000000
2022-07-06,20560.84381268,3845.08007812,162.13999939
2022-07-07,21651.41914231,3902.62011719,162.22999573
2022-07-08,21813.78712390,3899.37988281,162.30000305
2022-07-09,21585.13219229,,
2022-07-10,20831.27339158,,
2022-07-11,19971.32947049,3854.42993164,161.42999268
2022-07-12,19339.15347341,3818.80004883,160.83000183
2022-07-13,20155.52783869,3801.78002930,161.60000610
2022-07-14,20552.89902893,3790.37988281,159.33000183
2022-07-15,20831.72270053,3863.15991211,159.00999451
2022-07-16,21196.50914290,,
2022-07-17,20827.88860859,,
2022-07-18,22305.70664290,3830.85009766,159.16000366
2022-07-19,23371.20266014,3936.68994141,159.53999329
2022-07-20,23280.93566803,3959.89990234,158.03999329
2022-07-21,23152.40931122,3998.94995117,160.27000427
2022-07-22,22706.08355546,3961.62988281,160.66999817
2022-07-23,22484.45923174,,
2022-07-24,22653.35702601,,
2022-07-25,21510.12558743,3966.84008789,160.22999573
2022-07-26,21181.65919679,3921.05004883,160.03999329
2022-07-27,22898.41506832,4023.61010742,161.66999817
2022-07-28,23838.55688387,4072.42993164,163.63999939
2022-07-29,23950.74037989,4130.29003906,164.10000610
2022-07-30,23623.43496113,,
2022-07-31,23356.17222151,,
2022-08-01,23331.44269696,4118.62988281,165.02999878
2022-08-02,23031.42688340,4091.18994141,164.05000305
2022-08-03,22809.74744185,4155.16992188,164.44999695
2022-08-04,22628.33208212,4151.93994141,167.16999817
2022-08-05,23248.97150234,4145.18994141,165.28999329
2022-08-06,22996.27504530,,
2022-08-07,23153.65847136,,
2022-08-08,23803.65051543,4140.06005859,166.69000244
2022-08-09,23186.29174646,4122.47021484,167.19999695
2022-08-10,23923.05848305,4210.24023438,166.77999878
2022-08-11,23934.43905611,4207.27001953,166.33999634
2022-08-12,24396.30884629,4280.14990234,167.86999512
2022-08-13,24426.22257481,,
2022-08-14,24314.20213150,,
2022-08-15,24083.95397487,4297.14013672,165.71000671
2022-08-16,23868.81935301,4305.20019531,165.41999817
2022-08-17,23336.34893103,4274.04003906,164.35000610
2022-08-18,23221.17060286,4283.74023438,163.91999817
2022-08-19,20906.76631414,4228.47998047,162.72000122
2022-08-20,21146.65480216,,
2022-08-21,21553.99617171,,
2022-08-22,21301.08405815,4137.99023438,161.63999939
2022-08-23,21534.51435213,4128.72998047,162.77000427
2022-08-24,21424.97282320,4140.77001953,163.25000000
2022-08-25,21587.83958445,4199.12011719,163.75000000
2022-08-26,20246.16557335,4057.65991211,161.75999451
2022-08-27,20043.99094857,,
2022-08-28,19673.54121888,,
2022-08-29,20270.96038399,4030.61010742,161.86000061
2022-08-30,19825.46320660,3986.15991211,160.50999451
2022-08-31,20024.67160596,3955.00000000,159.27000427
2022-09-01,20105.46260725,3966.85009766,157.86999512
2022-09-02,19948.85674728,3924.26000977,159.25999451
2022-09-03,19803.83326973,,
2022-09-04,19961.91189071,,
2022-09-05,19797.79678843,,
2022-09-06,18846.15053740,3908.18994141,158.33000183
2022-09-07,19292.90707452,3979.87011719,159.94000244
2022-09-08,19319.12485126,4006.17993164,158.97999573
2022-09-09,21363.31361525,4067.36010742,159.82000732
2022-09-10,21715.21079807,,
2022-09-11,21732.77056867,,
2022-09-12,22365.21456020,4110.41015625,160.63000488
2022-09-13,20165.04216072,3932.68994141,158.53999329
2022-09-14,20246.36604243,3946.01000977,157.92999268
2022-09-15,19696.86986616,3901.35009766,154.97999573
2022-09-16,19741.57761689,3873.33007812,155.83999634
2022-09-17,20120.70234600,,
2022-09-18,19427.10026265,,
2022-09-19,19557.97695821,3899.88989258,155.96000671
2022-09-20,18872.94986674,3855.92993164,155.07000732
2022-09-21,18506.76074810,3789.92993164,155.78999329
2022-09-22,19414.53964494,3757.98999023,155.69999695
2022-09-23,19326.86481999,3693.22998047,153.00999451
2022-09-24,18924.76778726,,
2022-09-25,18793.15615313,,
2022-09-26,19201.13172092,3655.04003906,151.22999573
2022-09-27,19106.73891350,3647.29003906,151.53999329
2022-09-28,19454.93721011,3719.04003906,154.69000244
2022-09-29,19540.86641058,3640.46997070,154.66000366
2022-09-30,19435.19469170,3585.62011719,154.66999817
2022-10-01,19311.86162940,,
2022-10-02,19015.29280508,,
2022-10-03,19633.43258591,3678.42993164,158.42999268
2022-10-04,20339.97128112,3790.92993164,160.69999695
2022-10-05,20155.09969871,3783.28002930,159.80999756
2022-10-06,19950.54779573,3744.52001953,159.63000488
2022-10-07,19539.14392168,3639.65991211,157.88000488
2022-10-08,19416.17722911,,
2022-10-09,19428.36713238,,
2022-10-10,19154.40423466,3612.38989258,155.47999573
2022-10-11,19039.28206838,3588.84008789,155.16000366
2022-10-12,19156.91156458,3577.03002930,155.99000549
2022-10-13,19387.83368065,3669.90991211,154.91000366
2022-10-14,19177.69410316,3583.07006836,152.97999573
2022-10-15,19069.87492724,,
2022-10-16,19261.74978784,,
2022-10-17,19557.02181064,3677.94995117,153.41999817
2022-10-18,19341.40755435,3719.97998047,153.75000000
2022-10-19,19132.15442548,3695.15991211,151.69000244
2022-10-20,19033.37602396,3665.78002930,151.44999695
2022-10-21,19174.87634874,3752.75000000,154.14999390
2022-10-22,19207.62850789,,
2022-10-23,19565.41232437,,
2022-10-24,19341.46021011,3797.34008789,153.64999390
2022-10-25,20094.96112157,3859.11010742,154.00000000
2022-10-26,20797.03082583,3830.60009766,154.97999573
2022-10-27,20280.17512805,3807.30004883,154.74000549
2022-10-28,20604.61385359,3901.06005859,153.16000366
2022-10-29,20803.89992051,,
2022-10-30,20616.70337668,,
2022-10-31,20490.85818089,3871.97998047,151.91000366
2022-11-01,20483.96653098,3856.10009766,153.46000671
2022-11-02,20148.28455377,3759.68994141,152.38999939
2022-11-03,20198.11118603,3719.88989258,151.80999756
2022-11-04,21157.24492753,3770.55004883,156.47000122
2022-11-05,21283.47159994,,
2022-11-06,20946.80303594,,
2022-11-07,20568.56511835,3806.80004883,155.85000610
2022-11-08,18520.97116365,3828.11010742,159.44999695
2022-11-09,15758.29128200,3748.57006836,158.64999390
2022-11-10,17541.56028667,3956.37011719,163.47999573
2022-11-11,16916.85063121,3992.92993164,164.55999756
2022-11-12,16771.24267183,,
2022-11-13,16320.49833752,,
2022-11-14,16629.47841467,3957.25000000,164.91999817
2022-11-15,16855.59378609,3991.72998047,165.50000000
2022-11-16,16659.60633460,3958.79003906,165.11999512
2022-11-17,16675.17902046,3946.56005859,163.91999817
2022-11-18,16661.52295763,3965.34008789,162.78999329
2022-11-19,16696.00405815,,
2022-11-20,16246.84469930,,
2022-11-21,15778.01740473,3949.93994141,161.88000488
2022-11-22,16172.88934454,4003.58007812,162.07000732
2022-11-23,16574.06172998,4027.26000977,163.08000183
2022-11-24,16583.52434454,,
2022-11-25,16522.38877674,4026.12011719,163.22000122
2022-11-26,16448.64130771,,
2022-11-27,16436.07076885,,
2022-11-28,16212.58141613,3963.93994141,161.92999268
2022-11-29,16443.03681999,3957.62988281,162.72999573
2022-11-30,17176.89869141,4080.11010742,164.80999756
2022-12-01,16961.29180421,4076.57006836,167.83999634
2022-12-02,17075.10913705,4071.69995117,167.25999451
2022-12-03,16899.50738311,,
2022-12-04,17121.71498247,,
2022-12-05,16961.35178667,3998.84008789,164.38999939
2022-12-06,17070.51582817,3941.26000977,164.83999634
2022-12-07,16848.25182437,3933.91992188,166.33000183
2022-12-08,17231.45632233,3963.51000977,166.47000122
2022-12-09,17136.14900088,3934.37988281,167.05999756
2022-12-10,17124.21467972,,
2022-12-11,17094.36065926,,
2022-12-12,17195.52499620,3990.56005859,165.67999268
2022-12-13,17774.91663209,4019.64990234,168.50999451
2022-12-14,17809.72408358,3995.32006836,168.10000610
2022-12-15,17344.05445693,3895.75000000,165.35000610
2022-12-16,16606.11017504,3852.36010742,166.78999329
2022-12-17,16774.38537025,,
2022-12-18,16776.11592548,,
2022-12-19,16424.13138574,3817.65991211,166.32000732
2022-12-20,16901.81693629,3821.62011719,169.08000183
2022-12-21,16800.53297078,3878.43994141,168.80000305
2022-12-22,16814.22257919,3822.38989258,166.75999451
2022-12-23,16780.51697984,3844.82006836,167.25999451
2022-12-24,16837.61217008,,
2022-12-25,16824.83897370,,
2022-12-26,16879.93822735,,
2022-12-27,16698.91127089,3829.25000000,168.66999817
2022-12-28,16536.29420018,3783.21997070,167.91000366
2022-12-29,16630.59315517,3849.28002930,168.85000610
2022-12-30,16593.68882876,3839.50000000,169.63999939
2022-12-31,16524.21780245,,
2023-01-01,16606.75204325,,
2023-01-02,16688.71927294,,
2023-01-03,16670.07738369,3824.13989258,171.05999756
2023-01-04,16848.36603916,3852.96997070,172.66999817
2023-01-05,16824.80018264,3808.10009766,170.52000427
2023-01-06,16957.86227382,3895.08007812,173.71000671
2023-01-07,16942.62858913,,
2023-01-08,17059.23994448,,
2023-01-09,17182.31985213,3892.09008789,174.10000610
2023-01-10,17433.91463209,3919.25000000,174.74000549
2023-01-11,17833.71076563,3969.61010742,174.61999512
2023-01-12,18869.70448422,3983.16992188,176.63999939
2023-01-13,19868.72474547,3999.09008789,178.75999451
2023-01-14,21010.92272005,,
2023-01-15,20876.00855611,,
2023-01-16,21180.41194857,,
2023-01-17,21178.29939626,3990.96997070,177.58999634
2023-01-18,20709.66860403,3928.86010742,177.08000183
2023-01-19,21071.83341525,3898.85009766,179.88999939
2023-01-20,22660.71694214,3972.61010742,179.28999329
2023-01-21,22803.17276154,,
2023-01-22,22716.27719667,,
2023-01-23,22929.02489363,4019.81005859,179.63000488
2023-01-24,22611.12687873,4016.94995117,180.27999878
2023-01-25,23109.08451899,4016.21997070,181.11000061
2023-01-26,23008.68947662,4060.42993164,179.47000122
2023-01-27,23070.49645821,4070.56005859,179.22000122
2023-01-28,23008.80946493,,
2023-01-29,23774.99636791,,
2023-01-30,22799.42726154,4017.77001953,178.75999451
2023-01-31,23130.05191321,4076.60009766,179.41000366
2023-02-01,23727.20260754,4119.20996094,181.66999817
2023-02-02,23505.60484307,4179.75976562,177.89999390
2023-02-03,23445.81317738,4136.47998047,173.46000671
2023-02-04,23355.52438632,,
2023-02-05,22957.22519053,,
2023-02-06,22745.16503711,4111.08007812,173.82000732
2023-02-07,23266.26920368,4164.00000000,173.97999573
2023-02-08,22937.57994535,4117.85986328,174.41000366
2023-02-09,21818.19894565,4081.50000000,173.02999878
2023-02-10,21620.56678375,4090.45996094,173.36000061
2023-02-11,21864.86264144,,
2023-02-12,21772.13732525,,
2023-02-13,21798.71571683,4137.29003906,172.47999573
2023-02-14,22222.41504383,4136.12988281,172.61000061
2023-02-15,24304.61298276,4147.60009766,170.88999939
2023-02-16,23742.44883548,4090.40991211,170.75000000
2023-02-17,24607.33560549,4079.09008789,171.25999451
2023-02-18,24636.52661280,,
2023-02-19,24366.99076067,,
2023-02-20,24797.84303594,,
2023-02-21,24400.38938983,3997.34008789,170.61999512
2023-02-22,24163.73898130,3991.05004883,169.66000366
2023-02-23,23910.03421040,4012.32006836,169.57000732
2023-02-24,23175.82420368,3970.04003906,168.35000610
2023-02-25,23159.81544039,,
2023-02-26,23542.09642811,,
2023-02-27,23504.18941788,3982.23999023,169.00999451
2023-02-28,23145.94912770,3970.14990234,169.77999878
2023-03-01,23610.65909030,3951.38989258,170.75999451
2023-03-02,23470.02548159,3981.35009766,170.66000366
2023-03-03,22350.09623407,4045.63989258,172.49000549
2023-03-04,22334.28526388,,
2023-03-05,22419.81713910,,
2023-03-06,22414.70330567,4048.41992188,171.61999512
2023-03-07,22174.64847253,3986.37011719,168.61999512
2023-03-08,21701.38462274,3992.01000977,168.53999329
2023-03-09,20349.81417329,3918.32006836,170.19999695
2023-03-10,20240.40669462,3861.59008789,173.86999512
2023-03-11,20585.23432905,,
2023-03-12,22065.98003594,,
2023-03-13,24154.42909468,3855.76000977,177.86000061
2023-03-14,24769.01756914,3919.29003906,176.83000183
2023-03-15,24409.80175190,3891.92993164,178.21000671
2023-03-16,25043.23884687,3960.28002930,178.57000732
2023-03-17,27450.62829340,3916.63989258,183.77000427
2023-03-18,26985.73599153,,
2023-03-19,28185.20433197,,
2023-03-20,27834.33610900,3951.57006836,183.83999634
2023-03-21,28172.79505582,4002.87011719,180.36999512
2023-03-22,27341.55712975,3936.96997070,183.44000244
2023-03-23,28387.88974956,3948.71997070,185.74000549
2023-03-24,27464.12494535,3970.98999023,183.64999390
2023-03-25,27488.95488019,,
2023-03-26,28049.39169112,,
2023-03-27,27154.99637025,3977.53002930,181.94999695
2023-03-28,27283.96340298,3971.27001953,183.44000244
2023-03-29,28389.29177849,4027.81005859,182.52999878
2023-03-30,28021.55830099,4050.83007812,184.17999268
2023-03-31,28514.68130625,4109.31005859,183.22000122
2023-04-01,28494.56388632,,
2023-04-02,28161.99803624,,
2023-04-03,27850.97994360,4124.50976562,184.53999329
2023-04-04,28113.95851870,4100.60009766,187.97999573
2023-04-05,28190.31160637,4090.37988281,187.83000183
2023-04-06,28049.07447633,4105.02001953,186.49000549
2023-04-07,27936.80426096,,
2023-04-08,27964.05124985,,
2023-04-09,28357.80727031,,
2023-04-10,29687.56518469,4109.10986328,185.11000061
2023-04-11,30247.09591935,4108.93994141,186.27999878
2023-04-12,29913.00354635,4091.94995117,187.19000244
2023-04-13,30370.82207218,4146.22021484,189.72000122
2023-04-14,30458.97004150,4137.64013672,186.36000061
2023-04-15,30342.05910842,,
2023-04-16,30312.93085330,,
2023-04-17,29469.50507276,4151.31982422,185.52999878
2023-04-18,30366.87238136,4154.87011719,186.25000000
2023-04-19,28796.74409527,4154.52001953,185.36000061
2023-04-20,28251.27637902,4129.79003906,186.08999634
2023-04-21,27292.02110520,4133.52001953,184.25000000
2023-04-22,27827.54759205,,
2023-04-23,27604.68557423,,
2023-04-24,27520.19967300,4137.04003906,184.80999756
2023-04-25,28302.69421800,4071.62988281,185.75000000
2023-04-26,28384.23403331,4055.98999023,184.74000549
2023-04-27,29465.55142724,4135.35009766,184.75000000
2023-04-28,29350.81188662,4169.47998047,184.80000305
2023-04-29,29221.51450760,,
2023-04-30,29362.08679749,,
2023-05-01,28114.95318732,4167.87011719,183.97000122
2023-05-02,28690.58099591,4119.58007812,187.52000427
2023-05-03,29045.04277352,4090.75000000,189.11000061
2023-05-04,28855.85744652,4061.21997070,190.44000244
2023-05-05,29552.96952367,4136.25000000,187.46000671
2023-05-06,28899.46296026,,
2023-05-07,28761.73843425,,
2023-05-08,27727.28540912,4138.12011719,187.69000244
2023-05-09,27642.42810929,4119.16992188,189.02000427
2023-05-10,27646.00490210,4137.64013672,188.75000000
2023-05-11,26986.27106575,4130.62011719,187.13000488
2023-05-12,26773.34435915,4124.08007812,186.80999756
2023-05-13,26841.39829135,,
2023-05-14,26918.26159790,,
2023-05-15,27231.62160520,4136.27978516,187.21000671
2023-05-16,27025.71818644,4109.89990234,184.86999512
2023-05-17,27401.04406108,4158.77001953,184.22999573
2023-05-18,26843.23509380,4198.04980469,181.83999634
2023-05-19,26889.50363150,4191.97998047,183.63999939
2023-05-20,27100.85828784,,
2023-05-21,26777.09778317,,
2023-05-22,26858.73706371,4192.62988281,183.21000671
2023-05-23,27226.85587639,4145.58007812,183.42999268
2023-05-24,26341.43064465,4115.24023438,181.94999695
2023-05-25,26484.83592344,4151.27978516,180.19999695
2023-05-26,26720.38380713,4205.45019531,180.91999817
2023-05-27,26854.54037025,,
2023-05-28,28097.52112595,,
2023-05-29,27765.07286937,,
2023-05-30,27712.49158445,4205.52001953,182.03999329
2023-05-31,27217.68325804,4179.83007812,182.32000732
2023-06-01,26825.37134512,4221.02001953,183.75999451
2023-06-02,27255.22799416,4282.37011719,181.05000305
2023-06-03,27079.40846435,,
2023-06-04,27158.25456955,,
2023-06-05,25785.85148422,4273.79003906,182.13999939
2023-06-06,27213.77051870,4283.85009766,182.33999634
2023-06-07,26339.57902922,4267.52001953,180.14999390
2023-06-08,26521.69360053,4293.93017578,182.52999878
2023-06-09,26470.67757802,4298.85986328,182.03999329
2023-06-10,25863.21385067,,
2023-06-11,25906.82815167,,
2023-06-12,25906.75193542,4338.93017578,181.88000488
2023-06-13,25880.85997341,4369.00976562,180.53999329
2023-06-14,25097.58537960,4372.58984375,180.63999939
2023-06-15,25559.14332934,4425.83984375,181.91000366
2023-06-16,26331.82009439,4409.58984375,181.63000488
2023-06-17,26514.17134950,,
2023-06-18,26353.96268293,,
2023-06-19,26778.06344155,,
2023-06-20,28305.42045733,4388.70996094,179.75000000
2023-06-21,30099.51535096,4365.68994141,179.49000549
2023-06-22,29952.51128667,4381.89013672,177.71000671
2023-06-23,30638.35376447,4348.33007812,178.19999695
2023-06-24,30549.01628726,,
2023-06-25,30467.44037054,,
2023-06-26,30255.88612420,4328.81982422,178.50999451
2023-06-27,30667.07629486,4378.41015625,177.69000244
2023-06-28,30104.04327177,4376.85986328,177.27999878
2023-06-29,30460.79297808,4396.43994141,177.08999634
2023-06-30,30484.50325774,4450.37988281,178.27000427
2023-07-01,30581.68896552,,
2023-07-02,30594.21647370,,
2023-07-03,31135.35759936,4455.58984375,178.47000122
2023-07-04,30799.94745587,,
2023-07-05,30497.82212829,4446.81982422,177.83999634
2023-07-06,29979.72980947,4411.58984375,177.30999756
2023-07-07,30329.88297867,4398.95019531,178.63999939
2023-07-08,30263.61963413,,
2023-07-09,30163.22105640,,
2023-07-10,30394.65558065,4409.52978516,178.77999878
2023-07-11,30616.24709410,4439.25976562,179.44999695
2023-07-12,30385.60878521,4472.16015625,181.88000488
2023-07-13,31434.73547049,4510.04003906,182.00999451
2023-07-14,30310.67202046,4505.41992188,181.42999268
2023-07-15,30290.89059585,,
2023-07-16,30249.77296581,,
2023-07-17,30143.74627440,4522.79003906,181.55999756
2023-07-18,29835.74740766,4554.97998047,183.63999939
2023-07-19,29913.02946464,4565.72021484,183.66999817
2023-07-20,29805.60657072,4534.87011719,182.74000549
2023-07-21,29919.69349211,4536.33984375,182.17999268
2023-07-22,29726.00962712,,
2023-07-23,30066.57244828,,
2023-07-24,29178.35970427,4554.64013672,181.39999390
2023-07-25,29221.25485330,4567.45996094,182.41000366
2023-07-26,29361.59175804,4566.75000000,183.30000305
2023-07-27,29201.68651753,4537.41015625,180.41999817
2023-07-28,29316.31307510,4582.22998047,181.86000061
2023-07-29,29360.37617914,,
2023-07-30,29262.83673378,,
2023-07-31,29219.82018878,4588.95996094,182.35000610
2023-08-01,29499.58753857,4576.72998047,180.46000671
2023-08-02,29143.15196201,4513.39013672,179.60000610
2023-08-03,29192.34486178,4501.89013672,179.53999329
2023-08-04,29057.25324372,4478.02978516,180.19000244
2023-08-05,29053.09569755,,
2023-08-06,29048.04332759,,
2023-08-07,29164.35858738,4518.43994141,179.77999878
2023-08-08,29779.51138399,4499.37988281,178.63999939
2023-08-09,29582.94423758,4467.70996094,177.78999329
2023-08-10,29430.15991175,4468.83007812,177.60000610
2023-08-11,29399.78473963,4464.04980469,177.60000610
2023-08-12,29415.73390210,,
2023-08-13,29286.11761105,,
2023-08-14,29408.97171274,4489.72021484,177.05999756
2023-08-15,29167.59721654,4437.85986328,176.58999634
2023-08-16,28754.29240795,4404.33007812,175.57000732
2023-08-17,26660.56272648,4370.35986328,175.30000305
2023-08-18,26037.36584746,4369.70996094,175.33000183
2023-08-19,26093.98180801,,
2023-08-20,26176.47216423,,
2023-08-21,26128.90501607,4399.77001953,175.80999756
2023-08-22,25978.20969141,4387.54980469,176.10000610
2023-08-23,26452.19358825,4436.00976562,177.88999939
2023-08-24,26126.79433314,4376.31005859,177.85000610
2023-08-25,26040.88125511,4405.70996094,177.61999512
2023-08-26,26006.17408007,,
2023-08-27,26086.36125950,,
2023-08-28,26103.27657306,4433.31005859,178.13000488
2023-08-29,27672.22213063,4497.62988281,179.86999512
2023-08-30,27298.99777966,4514.87011719,180.32000732
2023-08-31,25954.86659351,4507.66015625,180.02000427
2023-09-01,25802.78852981,4515.77001953,180.11000061
2023-09-02,25868.29609760,,
2023-09-03,25962.54756897,,
2023-09-04,25799.52568703,,
2023-09-05,25782.36222005,4496.83007812,178.63999939
2023-09-06,25754.79026768,4465.47998047,177.83000183
2023-09-07,26210.60456371,4451.14013672,178.02000427
2023-09-08,25904.69821274,4457.49023438,178.08000183
2023-09-09,25894.62059760,,
2023-09-10,25831.46478025,,
2023-09-11,25135.03937814,4487.45996094,178.41000366
2023-09-12,25859.70180684,4461.89990234,177.49000549
2023-09-13,26226.86675248,4467.43994141,177.08000183
2023-09-14,26556.05694331,4505.10009766,177.16999817
2023-09-15,26672.61608182,4450.31982422,178.33999634
2023-09-16,26555.63610316,,
2023-09-17,26502.43211894,,
2023-09-18,26764.63190649,4453.52978516,179.38999939
2023-09-19,27215.05048480,4443.95019531,179.22000122
2023-09-20,27133.40372355,4402.20019531,179.35000610
2023-09-21,26571.59529193,4330.00000000,178.05000305
2023-09-22,26581.14761163,4320.06005859,178.61999512
2023-09-23,26575.77638662,,
2023-09-24,26286.64104880,,
2023-09-25,26288.80950058,4337.43994141,177.69999695
2023-09-26,26194.53788808,4273.52978516,176.27999878
2023-09-27,26336.08259731,4274.50976562,174.10000610
2023-09-28,27033.42544155,4299.70019531,173.22999573
2023-09-29,26911.25147399,4288.04980469,171.44999695
2023-09-30,26977.69331268,,
2023-10-01,27950.14535944,,
2023-10-02,27565.88929544,4288.39013672,169.64999390
2023-10-03,27439.14223933,4229.45019531,169.16000366
2023-10-04,27797.25117651,4263.75000000,169.13999939
2023-10-05,27426.34509264,4258.18994141,168.83000183
2023-10-06,27941.96337610,4308.50000000,169.69999695
2023-10-07,27972.75157043,,
2023-10-08,27936.32611572,,
2023-10-09,27591.34676184,4335.66015625,172.82000732
2023-10-10,27419.79718030,4358.24023438,172.52999878
2023-10-11,26828.17257101,4376.95019531,173.78999329
2023-10-12,26741.34059906,4349.60986328,173.25999451
2023-10-13,26842.44677031,4327.77978516,178.83000183
2023-10-14,26861.98923758,,
2023-10-15,27130.30670923,,
2023-10-16,28506.79367417,4373.62988281,177.96000671
2023-10-17,28433.20515225,4373.20019531,178.28999329
2023-10-18,28328.07501958,4314.60009766,180.86999512
2023-10-19,28690.35804120,4278.00000000,183.08999634
2023-10-20,29704.98536733,4224.16015625,183.58999634
2023-10-21,29922.54640444,,
2023-10-22,29984.15931970,,
2023-10-23,32954.16904822,4217.04003906,182.97000122
2023-10-24,33880.95665371,4247.68017578,182.94999695
2023-10-25,34488.65892110,4186.77001953,183.72000122
2023-10-26,34181.49225219,4137.22998047,184.00999451
2023-10-27,33896.93852835,4117.37011719,186.14999390
2023-10-28,34091.58903273,,
2023-10-29,34574.33772063,,
2023-10-30,34495.10502075,4166.81982422,185.10000610
2023-10-31,34636.42647370,4193.79980469,184.08999634
2023-11-01,35431.97945324,4237.85986328,183.50999451
2023-11-02,34882.91733665,4317.77978516,184.11999512
2023-11-03,34708.22188048,4358.33984375,184.78999329
2023-11-04,35091.07630625,,
2023-11-05,35105.04202659,,
2023-11-06,35017.71514845,4365.97998047,183.35000610
2023-11-07,35418.47689012,4378.37988281,182.58999634
2023-11-08,35797.89460900,4382.77978516,180.77000427
2023-11-09,36675.32643337,4347.35009766,181.49000549
2023-11-10,37367.49437230,4415.24023438,179.50999451
2023-11-11,36979.93124050,,
2023-11-12,37053.34105143,,
2023-11-13,36543.26808708,4411.54980469,180.50999451
2023-11-14,35590.68356458,4495.70019531,182.11999512
2023-11-15,37840.55348948,4502.87988281,181.63999939
2023-11-16,36160.40445091,4508.24023438,183.69000244
2023-11-17,36569.71205348,4514.02001953,183.66999817
2023-11-18,36577.42496172,,
2023-11-19,37442.72851198,,
2023-11-20,37516.05037084,4547.37988281,183.36999512
2023-11-21,36035.03308621,4538.18994141,185.35000610
2023-11-22,37403.03471683,4556.62011719,184.55999756
2023-11-23,37311.71921566,,
2023-11-24,37718.78416306,4559.33984375,185.52000427
2023-11-25,37800.12609322,,
2023-11-26,37482.70552601,,
2023-11-27,37229.24521975,4550.43017578,186.77000427
2023-11-28,37828.46559117,4554.89013672,189.25999451
2023-11-29,37846.85312274,4550.58007812,189.53999329
2023-11-30,37712.71147896,4567.79980469,188.75000000
2023-12-01,38703.55368206,4594.62988281,192.00999451
2023-12-02,39462.27992724,,
2023-12-03,39978.22261046,,
2023-12-04,41910.29948159,4569.77978516,187.86000061
2023-12-05,44067.00547633,4567.18017578,187.14999390
2023-12-06,43745.83439071,4549.33984375,187.83999634
2023-12-07,43282.61822618,4585.58984375,188.14999390
2023-12-08,44205.05220894,4604.37011719,185.63999939
2023-12-09,43740.00639275,,
2023-12-10,43732.71209001,,
2023-12-11,41209.89479047,4622.43994141,183.58999634
2023-12-12,41467.27356984,4643.70019531,183.49000549
2023-12-13,42939.06075833,4707.08984375,187.63000488
2023-12-14,43033.13715605,4719.54980469,188.72999573
2023-12-15,41978.09701958,4719.18994141,187.00000000
2023-12-16,42203.21404500,,
2023-12-17,41428.66578551,,
2023-12-18,42635.73319112,4740.56005859,187.85000610
2023-12-19,42271.86302572,4768.37011719,189.13000488
2023-12-20,43605.15555494,4698.35009766,188.10000610
2023-12-21,43870.23823407,4746.75000000,189.42999268
2023-12-22,44009.50165517,4754.62988281,190.27000427
2023-12-23,43768.80675190,,
2023-12-24,43097.80932583,,
2023-12-25,43623.75040298,,
2023-12-26,42491.12290795,4774.75000000,191.72000122
2023-12-27,43436.95942694,4781.58007812,192.58999634
2023-12-28,42670.67971800,4783.35009766,191.47000122
2023-12-29,41998.60334424,4769.83007812,191.16999817
2023-12-30,42204.49177440,,
2023-12-31,42217.15879135,,
2024-01-01,44049.47355348,,
2024-01-02,44941.16049357,4742.83007812,190.72000122
2024-01-03,42773.65154237,4704.81005859,189.13000488
2024-01-04,44250.74526710,4688.68017578,189.32000732
2024-01-05,44146.32220222,4697.24023438,189.35000610
2024-01-06,43917.97981473,,
2024-01-07,43844.19594974,,
2024-01-08,46981.32429953,4763.54003906,187.86999512
2024-01-09,46084.00579515,4756.50000000,187.92999268
2024-01-10,46818.15927645,4783.45019531,187.50000000
2024-01-11,46380.87080830,4780.24023438,187.86999512
2024-01-12,42817.43053565,4783.83007812,189.71000671
2024-01-13,42846.95446990,,
2024-01-14,41888.15130684,,
2024-01-15,42528.91924898,,
2024-01-16,43171.44722414,4765.97998047,187.91000366
2024-01-17,42689.30432729,4739.20996094,185.83999634
2024-01-18,41261.90761777,4780.93994141,187.36999512
2024-01-19,41606.85353302,4839.81005859,187.92999268
2024-01-20,41668.69041029,,
2024-01-21,41537.11235622,,
2024-01-22,39577.09986032,4850.43017578,187.22000122
2024-01-23,39737.31436178,4864.60009766,187.94999695
2024-01-24,40101.85689801,4868.54980469,186.39999390
2024-01-25,39917.66114611,4894.16015625,187.13999939
2024-01-26,41860.73104588,4890.97021484,187.00999451
2024-01-27,42125.30141555,,
2024-01-28,41983.02027440,,
2024-01-29,43218.34708212,4927.93017578,188.33000183
2024-01-30,42950.05412770,4924.97021484,188.58999634
2024-01-31,42589.47080596,4845.64990234,188.44999695
2024-02-01,43020.35965488,4906.18994141,190.41000366
2024-02-02,43155.38520310,4958.60986328,188.61000061
2024-02-03,42982.37899795,,
2024-02-04,42576.29130508,,
2024-02-05,42619.27427382,4942.81005859,187.57000732
2024-02-06,43102.70626330,4954.22998047,188.55000305
2024-02-07,44253.03147312,4995.06005859,188.50000000
2024-02-08,45332.09157218,4997.91015625,188.33000183
2024-02-09,47176.96651373,5026.60986328,187.60000610
2024-02-10,47792.89721566,,
2024-02-11,48200.79860579,,
2024-02-12,49989.80371654,5021.83984375,187.11000061
2024-02-13,49628.09415283,4953.16992188,184.52999878
2024-02-14,51844.29291935,5000.62011719,184.41999817
2024-02-15,51939.14729193,5029.72998047,185.66000366
2024-02-16,52157.31239772,5005.56982422,186.33999634
2024-02-17,51674.81585213,,
2024-02-18,52148.06453653,,
2024-02-19,51804.80515371,,
2024-02-20,52308.05317124,4975.50976562,187.47000122
2024-02-21,51744.32180801,4981.79980469,187.47999573
2024-02-22,51292.32525745,5087.02978516,187.55999756
2024-02-23,50789.14317592,5088.79980469,188.61999512
2024-02-24,51578.23491642,,
2024-02-25,51746.47896698,,
2024-02-26,54551.82591847,5069.52978516,188.19999695
2024-02-27,57049.88822034,5078.18017578,188.00000000
2024-02-28,62460.74061981,5069.75976562,188.33999634
2024-02-29,61394.78185155,5096.27001953,189.30999756
2024-03-01,62524.40181707,5137.08007812,192.88999939
2024-03-02,62049.61456371,,
2024-03-03,62991.44229135,,
2024-03-04,68091.83882437,5130.95019531,196.00999451
2024-03-05,63950.52432992,5078.64990234,197.19000244
2024-03-06,66103.72154004,5104.75976562,198.80999756
2024-03-07,67070.37914845,5157.35986328,199.94000244
2024-03-08,68343.71495529,5123.68994141,201.63000488
2024-03-09,68502.50533928,,
2024-03-10,68882.25133957,,
2024-03-11,72198.08753419,5117.93994141,202.00000000
2024-03-12,71432.72830187,5175.27001953,199.78999329
2024-03-13,73081.57590532,5165.31005859,201.19000244
2024-03-14,71505.27290766,5150.47998047,200.35000610
2024-03-15,69424.91417534,5117.08984375,199.71000671
2024-03-16,65433.68190064,,
2024-03-17,68285.08916920,,
2024-03-18,67770.88652455,5149.41992188,200.02999878
2024-03-19,61969.30753945,5178.50976562,199.80000305
2024-03-20,67848.10763968,5224.62011719,202.17999268
2024-03-21,65454.73572326,5241.52978516,201.97000122
2024-03-22,63486.48499971,5234.18017578,200.35000610
2024-03-23,64361.24290473,,
2024-03-24,67289.56583109,,
2024-03-25,70042.02042373,5218.18994141,200.99000549
2024-03-26,70071.04721449,5203.58007812,201.63999939
2024-03-27,69267.88798159,5248.49023438,203.10000610
2024-03-28,70826.89687142,5254.35009766,205.72000122
2024-03-29,69917.04300701,,
2024-03-30,69663.01190736,,
2024-03-31,71227.45179398,,
2024-04-01,69791.62773057,5243.77001953,207.82000732
2024-04-02,65533.75483518,5205.81005859,210.88999939
2024-04-03,66130.21623933,5211.49023438,212.74000549
2024-04-04,68438.13502455,5147.20996094,211.52000427
2024-04-05,67904.90947662,5204.33984375,215.13999939
2024-04-06,69136.07107832,,
2024-04-07,69392.68301081,,
2024-04-08,71712.79728404,5202.39013672,216.47999573
2024-04-09,69074.54186382,5209.91015625,217.66999817
2024-04-10,70579.44567680,5160.64013672,215.61000061
2024-04-11,70046.55360579,5199.06005859,219.80000305
2024-04-12,67098.11369199,5123.41015625,216.88999939
2024-04-13,64551.64828755,,
2024-04-14,65648.80996026,,
2024-04-15,63393.32516628,5061.81982422,220.94999695
2024-04-16,63784.82033402,5051.41015625,221.22000122
2024-04-17,61324.21842870,5022.20996094,219.58999634
2024-04-18,63510.14500263,5011.12011719,220.33999634
2024-04-19,63762.63103010,4967.22998047,221.02999878
2024-04-20,64907.99283665,,
2024-04-21,64968.19261981,,
2024-04-22,66944.59609117,5010.60009766,215.57000732
2024-04-23,66385.30029193,5070.54980469,215.03999329
2024-04-24,64189.96790649,5071.62988281,214.63999939
2024-04-25,64515.38747253,5048.41992188,215.91999817
2024-04-26,63777.47150029,5099.95996094,216.61999512
2024-04-27,63429.30996493,,
2024-04-28,62978.57700497,,
2024-04-29,63908.38887668,5116.16992188,216.17999268
2024-04-30,60636.32616335,5035.68994141,211.86999512
2024-05-01,58141.77727995,5018.39013672,213.78999329
2024-05-02,59170.10889363,5064.20019531,213.13000488
2024-05-03,62983.65547838,5127.79003906,212.96000671
2024-05-04,63881.13054296,,
2024-05-05,64067.59599182,,
2024-05-06,63228.10313413,5180.74023438,215.19999695
2024-05-07,62396.99972034,5187.70019531,214.21000671
2024-05-08,61079.27442782,5187.66992188,213.58000183
2024-05-09,62998.49033811,5214.08007812,216.94999695
2024-05-10,60896.64188808,5222.68017578,218.71000671
2024-05-11,60843.57292402,,
2024-05-12,61431.27468790,,
2024-05-13,62886.93944915,5221.41992188,216.25999451
2024-05-14,61555.56700468,5246.68017578,218.08999634
2024-05-15,66281.53225424,5308.14990234,220.88999939
2024-05-16,65269.26032466,5297.10009766,220.02999878
2024-05-17,66956.44094769,5303.27001953,223.66000366
2024-05-18,66977.60069141,,
2024-05-19,66259.47042607,,
2024-05-20,71202.20259030,5308.12988281,224.55999756
2024-05-21,70217.25469141,5321.41015625,224.22999573
2024-05-22,69074.91413501,5307.00976562,220.11000061
2024-05-23,67758.73065868,5267.83984375,215.72000122
2024-05-24,68608.99827966,5304.72021484,215.91999817
2024-05-25,69282.79259760,,
2024-05-26,68445.00695324,,
2024-05-27,69347.81526037,,
2024-05-28,68342.82044886,5306.04003906,218.19000244
2024-05-29,67584.26324021,5266.95019531,216.16000366
2024-05-30,68375.47602601,5235.47998047,216.57000732
2024-05-31,67377.76261222,5277.50976562,215.30000305
2024-06-01,67714.35263998,,
2024-06-02,67805.48557423,,
2024-06-03,68833.30283518,5283.39990234,217.22000122
2024-06-04,70554.08943308,5291.33984375,215.27000427
2024-06-05,71087.44331590,5354.02978516,217.82000732
2024-06-06,70788.50137551,5352.95996094,219.42999268
2024-06-07,69338.15732408,5346.99023438,211.60000610
2024-06-08,69310.10926184,,
2024-06-09,69644.01908942,,
2024-06-10,69465.93624781,5360.79003906,213.53999329
2024-06-11,67368.26350643,5375.31982422,214.14999390
2024-06-12,68213.83468381,5421.02978516,214.72000122
2024-06-13,66783.49027674,5433.74023438,212.97000122
2024-06-14,65982.18651958,5431.60009766,215.72999573
2024-06-15,66204.90430801,,
2024-06-16,66622.59993366,,
2024-06-17,66483.87852601,5473.22998047,214.61000061
2024-06-18,65112.12300205,5487.02978516,215.47000122
2024-06-19,64878.71415254,,
2024-06-20,64897.70115430,5473.16992188,218.16000366
2024-06-21,64086.04892285,5464.62011719,214.77999878
2024-06-22,64258.13550643,,
2024-06-23,63345.02187610,,
2024-06-24,60258.95543746,5447.87011719,215.63000488
2024-06-25,61739.66584775,5469.29980469,214.55999756
2024-06-26,60794.47605845,5477.89990234,212.58000183
2024-06-27,61569.92342753,5482.87011719,214.99000549
2024-06-28,60303.31473641,5460.47998047,215.00999451
2024-06-29,60889.32984307,,
2024-06-30,62763.27968615,,
2024-07-01,62835.39976476,5475.08984375,215.57000732
2024-07-02,62028.61703857,5509.00976562,215.55999756
2024-07-03,60216.39208591,5537.02001953,217.99000549
2024-07-04,57418.24202133,,
2024-07-05,56720.98812566,5567.18994141,220.92999268
2024-07-06,58259.22177323,,
2024-07-07,56112.57255874,,
2024-07-08,56691.91490620,5572.85009766,218.19000244
2024-07-09,57981.43209673,5576.97998047,218.55999756
2024-07-10,57722.01135272,5633.91015625,219.36000061
2024-07-11,57307.71273846,5584.54003906,223.25000000
2024-07-12,57859.12028200,5615.35009766,223.11000061
2024-07-13,59329.03720164,,
2024-07-14,61015.03394126,,
2024-07-15,64734.76116978,5631.22021484,223.83000183
2024-07-16,65118.82665839,5667.20019531,228.28999329
2024-07-17,64201.37078054,5588.27001953,227.22999573
2024-07-18,63984.30220222,5544.58984375,225.77999878
2024-07-19,66755.78338282,5505.00000000,221.72999573
2024-07-20,67185.49781122,,
2024-07-21,68056.62012157,,
2024-07-22,67535.19767387,5564.41015625,221.80000305
2024-07-23,65916.40816160,5555.74023438,222.58000183
2024-07-24,65353.38577849,5427.12988281,221.80000305
2024-07-25,65722.06119170,5399.22021484,218.33000183
2024-07-26,67912.24330918,5459.10009766,220.63000488
2024-07-27,68077.37308124,,
2024-07-28,68170.66913092,,
2024-07-29,66867.16727703,5463.54003906,220.32000732
2024-07-30,66186.91468615,5436.43994141,222.52000427
2024-07-31,64690.63403857,5522.29980469,226.55000305
2024-08-01,65178.05548919,5446.68017578,225.77000427
2024-08-02,61506.76988778,5346.56005859,225.33999634
2024-08-03,60688.24442724,,
2024-08-04,58306.26447867,,
2024-08-05,54343.62767738,5186.33007812,222.47999573
2024-08-06,56047.47128667,5240.02978516,220.69999695
2024-08-07,55129.74103770,5199.50000000,220.55000305
2024-08-08,61908.78967241,5319.31005859,224.00999451
2024-08-09,60720.94075950,5344.16015625,224.55999756
2024-08-10,60871.55507276,,
2024-08-11,58836.10437230,,
2024-08-12,59394.16295383,5344.39013672,228.41000366
2024-08-13,60536.24578463,5434.43017578,228.05999756
2024-08-14,58840.64667972,5455.20996094,226.19999695
2024-08-15,57644.18768790,5543.22021484,226.91000366
2024-08-16,58927.27650877,5554.25000000,231.99000549
2024-08-17,59414.67433518,,
2024-08-18,58793.20614582,,
2024-08-19,59411.51901695,5608.25000000,231.61000061
2024-08-20,59123.30026622,5597.12011719,232.46000671
2024-08-21,61133.02564933,5620.85009766,232.14999390
2024-08-22,60394.47377499,5570.64013672,229.36999512
2024-08-23,64106.80291525,5634.60986328,232.02000427
2024-08-24,64023.22670368,,
2024-08-25,64498.01834132,,
2024-08-26,62983.44277294,5616.83984375,232.75999451
2024-08-27,59548.00762157,5625.79980469,233.38999939
2024-08-28,59100.77475482,5592.18017578,231.75000000
2024-08-29,59339.79099474,5591.95996094,232.94999695
2024-08-30,59142.93996406,5648.39990234,231.28999329
2024-08-31,58959.92627323,,
2024-09-01,57349.08071800,,
2024-09-02,59159.02388778,,
2024-09-03,57637.77544448,5528.93017578,230.28999329
2024-09-04,58033.39897049,5520.06982422,230.42999268
2024-09-05,56112.95294009,5503.41015625,232.35000610
2024-09-06,53838.95346230,5408.41992188,230.63000488
2024-09-07,54066.43992490,,
2024-09-08,54859.25840824,,
2024-09-09,57135.78143717,5471.04980469,231.60000610
2024-09-10,57664.49982145,5495.52001953,232.61999512
2024-09-11,57409.19506634,5554.12988281,232.25000000
2024-09-12,58124.64180655,5595.75976562,236.33000183
2024-09-13,60536.88145032,5626.02001953,238.67999268
2024-09-14,60007.17025073,,
2024-09-15,59129.91975365,,
2024-09-16,58227.46421654,5633.08984375,238.66000366
2024-09-17,60238.21772560,5634.58007812,237.33999634
2024-09-18,61306.23373174,5618.25976562,235.50999451
2024-09-19,62994.60965283,5713.64013672,239.16999817
2024-09-20,63153.95182700,5702.54980469,242.21000671
2024-09-21,63367.72960783,,
2024-09-22,63571.95217300,,
2024-09-23,63336.01263472,5718.56982422,242.67999268
2024-09-24,64342.78911134,5732.93017578,246.07000732
2024-09-25,63059.62691672,5722.25976562,245.72999573
2024-09-26,65057.78614611,5745.37011719,246.97999573
2024-09-27,65767.71325424,5738.16992188,245.02000427
2024-09-28,65770.52764787,,
2024-09-29,65617.76106897,,
2024-09-30,63260.04254822,5762.47998047,243.05999756
2024-10-01,60858.24870865,5708.75000000,245.61000061
2024-10-02,60686.09931356,5709.54003906,245.66000366
2024-10-03,60765.23674985,5699.93994141,245.49000549
2024-10-04,62052.51004968,5751.06982422,245.00000000
2024-10-05,62030.45389772,,
2024-10-06,62789.88145558,,
2024-10-07,62416.50882992,5695.93994141,244.16999817
2024-10-08,62126.32737697,5751.12988281,242.36999512
2024-10-09,60615.25819170,5792.04003906,241.05000305
2024-10-10,60221.11728697,5780.04980469,242.82000732
2024-10-11,62462.53996260,5815.02978516,245.47000122
2024-10-12,63202.88069930,,
2024-10-13,62759.43111338,,
2024-10-14,66089.75874109,5859.85009766,245.07000732
2024-10-15,66933.97483372,5815.25976562,245.91999817
2024-10-16,67662.95340386,5842.47021484,247.14999390
2024-10-17,67337.90754822,5841.47021484,248.63000488
2024-10-18,68390.53756254,5864.66992188,251.27000427
2024-10-19,68357.89829632,,
2024-10-20,69012.35320894,,
2024-10-21,67440.46250584,5853.97998047,251.22000122
2024-10-22,67425.75532116,5851.20019531,253.92999268
2024-10-23,66647.28666423,5797.41992188,250.86999512
2024-10-24,68130.99483694,5809.85986328,252.80000305
2024-10-25,66261.53768615,5808.12011719,253.32000732
2024-10-26,67023.33996113,,
2024-10-27,68000.14750088,,
2024-10-28,69862.52054705,5823.52001953,253.33000183
2024-10-29,72678.78662011,5832.91992188,256.08999634
2024-10-30,72450.28438194,5813.66992188,257.50000000
2024-10-31,70367.08195763,5705.45019531,253.50999451
2024-11-01,69483.58303039,5728.79980469,252.47000122
2024-11-02,69241.67948656,,
2024-11-03,68742.75462274,,
2024-11-04,67779.09697954,5712.68994141,252.83000183
2024-11-05,69538.02417300,5782.75976562,253.39999390
2024-11-06,75696.03661923,5929.04003906,245.69999695
2024-11-07,75972.29555465,5973.10009766,249.64999390
2024-11-08,76507.44740123,5995.54003906,247.96000671
2024-11-09,76799.25274693,,
2024-11-10,80409.28656663,,
2024-11-11,88859.99844857,6001.35009766,242.13999939
2024-11-12,88048.74888778,5983.99023438,240.05000305
2024-11-13,90369.38196932,5985.37988281,237.63000488
2024-11-14,87204.25698276,5949.16992188,237.00999451
2024-11-15,91139.08444272,5870.62011719,236.58999634
2024-11-16,90567.69575687,,
2024-11-17,89732.97042928,,
2024-11-18,90587.69655348,5893.62011719,241.08999634
2024-11-19,92254.13858007,5916.97998047,243.25000000
2024-11-20,94160.04068586,5917.10986328,244.61999512
2024-11-21,98545.56887989,5948.70996094,246.66000366
2024-11-22,98938.34954500,5969.33984375,249.83999634
2024-11-23,97707.04845909,,
2024-11-24,97980.20828200,,
2024-11-25,93343.02907452,5987.37011719,242.47999573
2024-11-26,91875.56995938,6021.62988281,242.94999695
2024-11-27,95989.08022735,5998.74023438,243.49000549
2024-11-28,95737.94028229,,
2024-11-29,97398.94173992,6032.37988281,245.58999634
2024-11-30,96463.62489801,,
2024-12-01,97469.60445295,,
2024-12-02,95726.44172589,6047.14990234,243.44000244
2024-12-03,96010.87742285,6049.87988281,243.92999268
2024-12-04,98920.25282554,6086.49023438,244.66999817
2024-12-05,96949.66441175,6075.10986328,242.86000061
2024-12-06,99953.10565809,6090.27001953,242.94999695
2024-12-07,99977.70022823,,
2024-12-08,100798.98356429,,
2024-12-09,97390.19885973,6052.85009766,245.36000061
2024-12-10,96835.50173875,6034.91015625,248.58999634
2024-12-11,101310.20189977,6084.18994141,250.96000671
2024-12-12,100090.89047954,6051.25000000,247.27999878
2024-12-13,101289.82397691,6051.08984375,244.28999329
2024-12-14,101366.87166803,,
2024-12-15,104551.36714115,,
2024-12-16,105855.67222998,6074.08007812,244.88000488
2024-12-17,106115.91058299,6050.60986328,243.94000244
2024-12-18,100469.77065693,5872.16015625,239.25999451
2024-12-19,97697.04577966,5867.08007812,239.60000610
2024-12-20,97617.44220514,5930.85009766,242.10000610
2024-12-21,97093.01908328,,
2024-12-22,95149.10582525,,
2024-12-23,94800.75620602,5974.06982422,240.96000671
2024-12-24,98637.73305435,6040.04003906,241.44000244
2024-12-25,99235.36788691,,
2024-12-26,95628.30309030,6037.58984375,243.07000732
2024-12-27,94219.98214611,5970.83984375,241.39999390
2024-12-28,95123.58110988,,
2024-12-29,93457.57832028,,
2024-12-30,92523.16308504,5906.93994141,240.63000488
2024-12-31,93389.73260169,5881.62988281,242.13000488
2025-01-01,94455.79657189,,
2025-01-02,96851.39368293,5868.54980469,245.41999817
2025-01-03,98120.68467592,5942.47021484,243.49000549
2025-01-04,98230.04785710,,
2025-01-05,98414.81209643,,
2025-01-06,102179.56036675,5975.37988281,243.19000244
2025-01-07,96974.99578580,5909.02978516,244.55999756
2025-01-08,95039.28092110,5918.25000000,245.86000061
2025-01-09,92346.16915897,,
2025-01-10,94759.11963589,5827.04003906,248.21000671
2025-01-11,94606.50800994,,
2025-01-12,94353.77525862,,
2025-01-13,94375.72991029,5836.22021484,245.74000549
2025-01-14,96569.47572677,5842.91015625,247.02999878
2025-01-15,100172.40598510,5949.91015625,248.88000488
2025-01-16,99977.72982350,5937.33984375,250.60000610
2025-01-17,104296.58803419,5996.66015625,249.27000427
2025-01-18,104398.15626125,,
2025-01-19,100954.57228200,,
2025-01-20,102588.99869901,,
2025-01-21,105987.88870544,6049.24023438,253.13000488
2025-01-22,103791.12886149,6086.37011719,254.42999268
2025-01-23,104184.61674372,6118.70996094,254.07000732
2025-01-24,104716.12488194,6101.24023438,255.64999390
2025-01-25,104866.08534892,,
2025-01-26,102833.36927323,,
2025-01-27,101907.44629661,6012.27978516,252.99000549
2025-01-28,101138.14406604,6067.70019531,255.17999268
2025-01-29,103918.79545880,6039.31005859,254.19999695
2025-01-30,104987.44641087,6071.16992188,258.04998779
2025-01-31,102263.04367095,6040.52978516,258.55999756
2025-02-01,100610.29043980,,
2025-02-02,97424.78090006,,
2025-02-03,101582.40870222,5994.56982422,259.94000244
2025-02-04,97848.14975921,6037.87988281,262.50000000
2025-02-05,96559.33275628,6061.47998047,264.13000488
2025-02-06,96541.30068118,6083.56982422,263.42999268
2025-02-07,96384.11098364,6025.99023438,263.89999390
2025-02-08,96603.31815722,,
2025-02-09,96309.75324050,,
2025-02-10,97375.22535359,6066.43994141,268.36999512
2025-02-11,95806.25803857,6068.50000000,267.39001465
2025-02-12,97756.49765488,6051.97021484,267.67001343
2025-02-13,96534.74063326,6115.06982422,270.30999756
2025-02-14,97414.35898217,6114.62988281,266.29000854
2025-02-15,97583.24317680,,
2025-02-16,96182.26617066,,
2025-02-17,95790.51099854,,
2025-02-18,95444.03188662,6129.58007812,270.70001221
2025-02-19,96647.91329778,6144.14990234,270.85000610
2025-02-20,98392.21972472,6117.52001953,270.98999023
2025-02-21,96048.99372472,6013.12988281,270.73999023
2025-02-22,96605.70910579,,
2025-02-23,96091.63297750,,
2025-02-24,91869.65434307,5983.25000000,272.20999146
2025-02-25,88769.73562653,5955.25000000,268.61999512
2025-02-26,83987.89564173,5956.06005859,269.02999878
2025-02-27,84625.41913647,5861.56982422,264.92999268
2025-02-28,84243.77791146,5954.50000000,263.26998901
2025-03-01,85844.36856283,,
2025-03-02,94328.00944448,,
2025-03-03,86315.93055114,5849.72021484,266.73999023
2025-03-04,87323.69065079,5778.14990234,269.05999756
2025-03-05,90619.40909760,5842.62988281,269.61999512
2025-03-06,90222.06932759,5738.52001953,268.25000000
2025-03-07,86553.59219375,5770.20019531,268.39001465
2025-03-08,86171.27893629,,
2025-03-09,80647.79641087,,
2025-03-10,79005.96012916,5614.56005859,266.04000854
2025-03-11,82747.16019170,5572.06982422,269.16000366
2025-03-12,83630.15811017,5599.29980469,270.32998657
2025-03-13,81110.28904909,5521.52001953,275.13000488
2025-03-14,84105.83355172,5638.93994141,275.23999023
2025-03-15,84352.87730187,,
2025-03-16,82492.10282876,,
2025-03-17,84013.94751812,5675.12011719,276.73001099
2025-03-18,82680.80655143,5614.66015625,279.95999146
2025-03-19,86774.23507218,5675.29003906,281.10998535
2025-03-20,84124.97128784,5662.89013672,280.75000000
2025-03-21,84069.40818001,5667.56005859,278.48999023
2025-03-22,83821.22030538,,
2025-03-23,85760.88145061,,
2025-03-24,87322.57185681,5767.56982422,277.25000000
2025-03-25,87422.84260842,5776.64990234,278.47000122
2025-03-26,86836.67609556,5712.20019531,278.23999023
2025-03-27,87211.32401695,5693.31005859,281.97000122
2025-03-28,84309.07835506,5580.93994141,284.05999756
2025-03-29,82497.17924722,,
2025-03-30,82216.46667650,,
2025-03-31,82461.44962800,5611.85009766,288.14001465
2025-04-01,85226.71379369,5633.06982422,287.57000732
2025-04-02,82555.63129632,5670.97021484,288.16000366
2025-04-03,82931.69739947,5396.52001953,286.42001343
2025-04-04,83774.17973758,5074.08007812,279.72000122
2025-04-05,83302.17157569,,
2025-04-06,77949.08849269,,
2025-04-07,79421.80441058,5062.25000000,273.70999146
2025-04-08,76351.42953039,4982.77001953,275.20001221
2025-04-09,82720.60348919,5456.89990234,285.38000488
2025-04-10,79558.95582525,5268.04980469,292.35000610
2025-04-11,83359.89951578,5363.35986328,297.92999268
2025-04-12,85269.24951198,,
2025-04-13,83568.95443600,,
2025-04-14,84589.03241350,5405.97021484,296.23001099
2025-04-15,83671.34397136,5396.62988281,297.77999878
2025-04-16,84151.53575628,5275.70019531,307.47000122
2025-04-17,84940.58385389,5282.70019531,306.11999512
2025-04-18,84434.77274635,,
2025-04-19,85124.72149620,,
2025-04-20,85101.74615459,,
2025-04-21,87360.71989334,5158.20019531,315.58999634
2025-04-22,93495.61068907,5287.75976562,311.10998535
2025-04-23,93695.74047721,5375.85986328,303.64999390
2025-04-24,93849.88177908,5484.77001953,308.07000732
2025-04-25,94771.41280070,5525.20996094,304.73001099
2025-04-26,94694.51110140,,
2025-04-27,93812.87653478,,
2025-04-28,95066.02118673,5528.75000000,309.07000732
2025-04-29,94102.84030245,5560.83007812,306.05999756
2025-04-30,94236.73251432,5569.06005859,303.76998901
2025-05-01,96411.74226359,5604.14013672,297.45999146
2025-05-02,96842.10210579,5686.66992188,297.98001099
2025-05-03,95943.61135301,,
2025-05-04,94377.78991964,,
2025-05-05,94853.72985944,5650.37988281,306.88000488
2025-05-06,96677.92450292,5606.91015625,315.48001099
2025-05-07,97137.37570865,5631.27978516,310.75000000
2025-05-08,103069.53929573,5663.93994141,304.63000488
2025-05-09,102940.80294945,5659.91015625,306.83999634
2025-05-10,104582.82180625,,
2025-05-11,103976.13779895,,
2025-05-12,102920.07468907,5844.18994141,298.19000244
2025-05-13,104145.71182525,5886.54980469,299.45999146
2025-05-14,103572.71964202,5892.58007812,293.16000366
2025-05-15,103716.28394740,5916.93017578,297.83999634
2025-05-16,103566.26919112,5958.37988281,294.23999023
2025-05-17,103190.04136499,,
2025-05-18,106015.68984892,,
2025-05-19,105615.82896026,5963.60009766,298.02999878
2025-05-20,106893.33024752,5940.45996094,303.57998657
2025-05-21,109704.85561952,5844.60986328,305.82000732
2025-05-22,111477.01478784,5842.00976562,303.10998535
2025-05-23,107291.88896990,5802.81982422,309.75000000
2025-05-24,107917.32828930,,
2025-05-25,108914.87655845,,
2025-05-26,109371.98517212,,
2025-05-27,109066.34563676,5921.54003906,304.50000000
2025-05-28,107895.40239947,5888.54980469,303.80999756
2025-05-29,105732.95789217,5912.16992188,305.60998535
2025-05-30,103981.30295792,5911.68994141,303.60000610
2025-05-31,104708.96415021,,
2025-06-01,105750.15972443,,
2025-06-02,105899.69692665,5935.93994141,311.67001343
2025-06-03,105483.98555114,5970.37011719,308.91000366
2025-06-04,104782.84490035,5970.81005859,310.89999390
2025-06-05,101669.19049678,5939.29980469,309.32998657
2025-06-06,104421.05154909,6000.35986328,305.17999268
2025-06-07,105685.25040210,,
2025-06-08,105727.73963238,,
2025-06-09,110198.15871391,6005.87988281,306.61999512
2025-06-10,110074.11908182,6038.81005859,306.70999146
2025-06-11,108645.78555815,6022.24023438,308.36999512
2025-06-12,105998.98583080,6045.25976562,312.20001221
2025-06-13,106024.82208738,5976.97021484,316.29000854
2025-06-14,105467.10874226,,
2025-06-15,105512.79743776,,
2025-06-16,107243.93334600,6033.10986328,311.77999878
2025-06-17,104628.39652747,5982.72021484,311.94000244
2025-06-18,104813.36702864,5980.87011719,310.26000977
2025-06-19,104709.72076710,,
2025-06-20,103274.95883957,5967.83984375,310.13000488
2025-06-21,101548.19638165,,
2025-06-22,100899.23415196,,
2025-06-23,105496.94749532,6025.16992188,311.07998657
2025-06-24,105964.06513676,6092.18017578,306.19000244
2025-06-25,107305.06519959,6092.16015625,307.11999512
2025-06-26,107012.82282408,6141.02001953,306.77999878
2025-06-27,107090.95905114,6173.06982422,301.22000122
2025-06-28,107357.61717125,,
2025-06-29,108360.90169638,,
2025-06-30,107153.10113588,6204.95019531,304.82998657
2025-07-01,105566.35659790,6198.00976562,307.54998779
2025-07-02,108927.13451841,6227.41992188,309.25000000
2025-07-03,109632.15912683,6279.35009766,307.14001465
2025-07-04,108081.39575862,,
2025-07-05,108244.78881385,,
2025-07-06,109180.00554559,,
2025-07-07,108249.40100409,6229.97998047,307.36999512
2025-07-08,108956.63170310,6225.52001953,304.16000366
2025-07-09,111416.80672005,6263.25976562,305.51998901
2025-07-10,115873.90378375,6280.45996094,306.20001221
2025-07-11,117618.60508708,6259.75000000,309.14001465
2025-07-12,117382.37254091,,
2025-07-13,118899.73710783,,
2025-07-14,119871.09619784,6268.56005859,308.01000977
2025-07-15,117710.89100789,6243.75976562,306.73001099
2025-07-16,118730.18779164,6263.70019531,308.26000977
2025-07-17,119501.66377089,6297.35986328,307.58999634
2025-07-18,117958.51121303,6296.79003906,308.39001465
2025-07-19,117908.52473232,,
2025-07-20,117305.68095383,,
2025-07-21,117432.43563472,6305.60009766,313.13000488
2025-07-22,120068.00578872,6309.62011719,316.10000610
2025-07-23,118650.58716569,6358.91015625,312.17999268
2025-07-24,118377.08193688,6363.35009766,310.26998901
2025-07-25,117520.17335038,6388.64013672,307.39999390
2025-07-26,117983.20459877,,
2025-07-27,119438.16423554,,
2025-07-28,118022.63732028,6389.77001953,305.41000366
2025-07-29,117871.37089538,6370.85986328,306.25000000
2025-07-30,117732.64366073,6362.89990234,300.95999146
2025-07-31,115848.33998510,6339.39013672,302.95999146
2025-08-01,113282.14433606,6238.00976562,309.10998535
2025-08-02,112545.67365926,,
2025-08-03,114263.69394769,,
2025-08-04,115199.93365926,6329.93994141,310.91000366
2025-08-05,114111.36101841,6299.18994141,311.16000366
2025-08-06,115034.67874898,6345.06005859,310.50000000
2025-08-07,117444.91392431,6340.00000000,313.11999512
2025-08-08,116740.68772092,6389.45019531,313.04998779
2025-08-09,116511.65573937,,
2025-08-10,119189.19816028,,
2025-08-11,118742.04304864,6373.45019531,308.54998779
2025-08-12,120154.32493507,6445.75976562,308.26998901
2025-08-13,123442.67982225,6466.58007812,309.20999146
2025-08-14,118510.27128083,6468.54003906,307.25000000
2025-08-15,117311.20994772,6449.79980469,307.42999268
2025-08-16,117462.42684623,,
2025-08-17,117601.95223189,,
2025-08-18,116312.91439799,6449.14990234,306.95001221
2025-08-19,112886.10147543,6411.37011719,305.26998901
2025-08-20,114277.32086032,6395.77978516,308.35998535
2025-08-21,112347.10229830,6370.16992188,307.29000854
2025-08-22,116800.97703507,6466.91015625,310.57998657
2025-08-23,115280.44472383,,
2025-08-24,113516.12247440,,
2025-08-25,110089.53331414,6439.31982422,309.82998657
2025-08-26,111895.29549531,6465.93994141,312.07998657
2025-08-27,111252.30723606,6481.39990234,312.70999146
2025-08-28,112481.15290411,6501.85986328,315.02999878
2025-08-29,108473.33044164,6460.25976562,318.07000732
2025-08-30,108746.15082485,,
2025-08-31,108316.44689481,,
2025-09-01,108992.32461486,,
2025-09-02,111140.94715984,6415.54003906,325.58999634
2025-09-03,111780.74358738,6448.25976562,328.14001465
2025-09-04,110900.63341298,6502.08007812,326.69000244
2025-09-05,110711.22948480,6481.50000000,331.04998779
2025-09-06,110243.65074167,,
2025-09-07,111307.78442109,,
2025-09-08,112112.31157510,6495.14990234,334.82000732
2025-09-09,111486.39677984,6512.60986328,334.05999756
2025-09-10,113930.74842344,6532.04003906,335.26000977
2025-09-11,115445.81293265,6587.47021484,334.76000977
2025-09-12,116149.17403196,6584.29003906,335.42001343
2025-09-13,115965.62755127,,
2025-09-14,115395.93342344,,
2025-09-15,115420.93181414,6615.27978516,338.91000366
2025-09-16,116798.87462016,6606.75976562,339.58999634
2025-09-17,116575.77762887,6600.35009766,336.97000122
2025-09-18,117014.42676217,6631.95996094,335.61999512
2025-09-19,115612.37254170,6664.35986328,339.17999268
2025-09-20,115753.16596055,,
2025-09-21,115320.85882905,,
2025-09-22,112727.70773813,6693.75000000,345.04998779
2025-09-23,112052.39328202,6656.91992188,346.45999146
2025-09-24,113324.62359219,6637.97021484,343.32000732
2025-09-25,109166.34797487,6604.72021484,344.75000000
2025-09-26,109669.10216686,6643.70019531,346.73999023
2025-09-27,109644.73069287,,
2025-09-28,112170.00778609,,
2025-09-29,114341.14143542,6661.20996094,352.45999146
2025-09-30,113971.74279690,6688.45996094,355.47000122
2025-10-01,118393.27038632,6711.20019531,356.02999878
2025-10-02,120558.59400701,6715.35009766,354.79000854
2025-10-03,122348.12764027,6715.79003906,357.64001465
2025-10-04,122379.74431765,,
2025-10-05,123523.76831385,,
2025-10-06,124824.45366686,6740.27978516,364.38000488
2025-10-07,121587.69923670,6714.58984375,366.26000977
2025-10-08,123390.35309468,6753.72021484,372.29998779
2025-10-09,121603.33278609,6735.10986328,365.42999268
2025-10-10,113754.85232817,6552.50976562,369.11999512
2025-10-11,110940.11364816,,
2025-10-12,115152.91704500,,
2025-10-13,115332.25292957,6654.72021484,378.08999634
2025-10-14,113327.07941029,6644.31005859,380.79000854
2025-10-15,110862.87248539,6671.06005859,387.39001465
2025-10-16,108135.04960579,6629.06982422,396.45001221
2025-10-17,106625.66865137,6664.00976562,388.98999023
2025-10-18,107143.91393513,,
2025-10-19,108706.66376388,,
2025-10-20,110640.24951549,6735.12988281,403.14999390
2025-10-21,108700.38207189,6735.35009766,377.23999023
2025-10-22,107667.63018849,6699.39990234,377.27999878
2025-10-23,110060.93679719,6738.43994141,378.79000854
2025-10-24,111024.94314699,6791.68994141,377.51998901
2025-10-25,111614.53585769,,
2025-10-26,114557.10046055,,
2025-10-27,114087.77380509,6875.16015625,367.01000977
2025-10-28,112980.68584629,6890.89013672,364.38000488
2025-10-29,110206.34798305,6890.58984375,363.00000000
2025-10-30,108019.72384190,6822.33984375,370.13000488
2025-10-31,109554.23962770,6840.20019531,368.11999512
2025-11-01,110005.29585535,,
2025-11-02,110389.16862712,,
2025-11-03,106495.80278989,6851.97021484,368.77999878
2025-11-04,101349.73723232,6771.54980469,362.32000732
2025-11-05,103915.88479135,6796.29003906,366.51000977
2025-11-06,101241.57367797,6720.31982422,366.07000732
2025-11-07,103428.47174693,6728.79980469,368.30999756
2025-11-08,102335.02143922,,
2025-11-09,104685.54544097,,
2025-11-10,106082.47815693,6832.43017578,378.38000488
2025-11-11,102974.40561163,6846.60986328,379.86999512
2025-11-12,101682.12665283,6850.91992188,385.98999023
2025-11-13,100035.31014524,6737.49023438,382.86999512
2025-11-14,94503.25760257,6734.10986328,375.95999146
2025-11-15,95541.31583898,,
2025-11-16,94182.31309965,,
2025-11-17,91911.47134717,6672.41015625,371.64999390
2025-11-18,92836.44191116,6617.31982422,374.35000610
2025-11-19,91320.48113326,6642.16015625,374.95999146
2025-11-20,86911.29805903,6538.75976562,374.85000610
2025-11-21,84948.04632057,6602.99023438,374.26998901
2025-11-22,84775.00154530,,
2025-11-23,86872.45466306,,
2025-11-24,88377.60244214,6705.12011719,380.20001221
2025-11-25,87434.55061075,6765.87988281,380.07998657
2025-11-26,90449.27706750,6812.60986328,383.11999512
2025-11-27,91336.20004530,,
2025-11-28,90990.12661046,6849.08984375,387.88000488
2025-11-29,90842.07382437,,
2025-11-30,90607.70215137,,
2025-12-01,86504.63681560,6812.62988281,389.75000000
2025-12-02,91528.02458095,6829.37011719,387.23999023
2025-12-03,93609.09386587,6849.72021484,386.88000488
2025-12-04,92205.59295441,6857.12011719,387.13000488
2025-12-05,89279.83446347,6870.39990234,386.44000244
2025-12-06,89169.55706108,,
2025-12-07,90067.84739947,,
2025-12-08,90673.14444360,6846.50976562,385.42001343
2025-12-09,92808.85184775,6840.50976562,387.39999390
2025-12-10,92102.93009176,6886.68017578,389.04998779
2025-12-11,92623.71987084,6901.00000000,393.23999023
2025-12-12,90331.60830918,6827.41015625,395.44000244
2025-12-13,90245.26726417,,
2025-12-14,88096.38261426,,
2025-12-15,86352.58025658,6816.50976562,395.79998779
2025-12-16,87752.42903361,6800.25976562,395.89001465
2025-12-17,86059.55222414,6721.43017578,399.29000854
2025-12-18,85434.19286733,6774.75976562,398.57000732
2025-12-19,88168.07383255,6834.50000000,399.01998901
2025-12-20,88292.45363735,,
2025-12-21,88533.43098305,,
2025-12-22,88474.46223320,6878.49023438,408.23001099
2025-12-23,87365.99378726,6909.79003906,413.64001465
2025-12-24,87625.67078960,6932.04980469,411.92999268
2025-12-25,87231.30476856,,
2025-12-26,87334.80778083,6929.93994141,416.73999023
2025-12-27,87695.41590766,,
2025-12-28,87747.64915488,,
2025-12-29,87133.51039918,6905.74023438,398.60000610
2025-12-30,88428.49227352,6896.24023438,398.89001465
2025-12-31,87516.97803770,6845.50000000,396.30999756
2026-01-01,88684.21784746,,
2026-01-02,89940.18016715,6858.47021484,398.27999878
2026-01-03,90598.13018323,,
2026-01-04,91359.76368235,,
2026-01-05,93948.58217943,6902.04980469,408.76000977
2026-01-06,93574.28711222,6944.81982422,413.17999268
2026-01-07,91208.95626067,6920.93017578,409.23001099
2026-01-08,91096.91615546,6921.45996094,411.48999023
2026-01-09,90539.60322881,6966.27978516,414.47000122
2026-01-10,90406.14241146,,
2026-01-11,90717.20631531,,
2026-01-12,91141.14984892,6977.27001953,422.23001099
2026-01-13,95304.49829427,6963.74023438,421.63000488
2026-01-14,97043.99272589,6926.60009766,425.94000244
2026-01-15,95546.13973816,6944.47021484,423.32998657
2026-01-16,95489.12996026,6940.00976562,421.29000854
2026-01-17,95106.98046260,,
2026-01-18,94261.32943133,,
2026-01-19,92526.24196435,,
2026-01-20,88236.56319229,6796.85986328,437.23001099
2026-01-21,89599.36187493,6875.62011719,443.60000610
2026-01-22,89395.70073583,6913.35009766,451.79000854
2026-01-23,89439.77189100,6915.60986328,458.00000000
2026-01-24,89185.03869901,,
2026-01-25,86445.67059264,,
2026-01-26,88337.45455114,6950.22998047,464.70001221
2026-01-27,89260.38053974,6978.60009766,476.10000610
2026-01-28,89177.78925073,6978.02978516,494.55999756
2026-01-29,84520.39731064,6969.00976562,495.89999390
2026-01-30,84017.03402922,6939.02978516,444.95001221
2026-01-31,78702.38550263,,
2026-02-01,76911.05237726,,
2026-02-02,78716.60180888,6976.43994141,427.13000488
2026-02-03,75684.76602776,6917.81005859,454.29000854
2026-02-04,73095.19146464,6882.72021484,453.97000122
2026-02-05,63494.68844565,6798.39990234,441.88000488
2026-02-06,70647.69821888,6932.29980469,455.45999146
2026-02-07,69166.25944243,,
2026-02-08,70522.58923933,,
2026-02-09,70244.10177732,6964.81982422,467.02999878
2026-02-10,68688.79311338,6941.81005859,462.39999390
2026-02-11,66989.71659205,6941.47021484,467.63000488
2026-02-12,66221.54431151,6832.75976562,451.39001465
2026-02-13,68860.84116335,6836.16992188,462.61999512
2026-02-14,69798.07912537,,
2026-02-15,68629.95997604,,
2026-02-16,68747.43802864,,
2026-02-17,67471.05084658,6843.22021484,448.20001221
2026-02-18,66380.70696113,6881.31005859,458.27999878
2026-02-19,66932.35221186,6861.89013672,459.55999756
2026-02-20,67977.30926125,6909.50976562,468.61999512
2026-02-21,68020.66776125,,
2026-02-22,67550.02407686,,
2026-02-23,64689.91233080,6837.75000000,481.27999878
2026-02-24,64123.75107802,6890.06982422,474.60998535
2026-02-25,68038.52217943,6946.12988281,473.42001343
2026-02-26,67519.26452922,6908.85986328,477.48001099
2026-02-27,65864.13581707,6878.87988281,483.75000000
2026-02-28,66965.63530918,,
2026-03-01,65733.52125979,,
2026-03-02,68922.62429749,6881.62011719,490.00000000
2026-03-03,68431.17403068,6816.62988281,468.14001465
2026-03-04,72667.46305757,6869.50000000,471.79998779
2026-03-05,70987.42717651,6830.70996094,466.13000488
2026-03-06,68226.70539275,6740.02001953,473.51000977
2026-03-07,67315.55291350,,
2026-03-08,66202.69787317,,
2026-03-09,68528.53846990,6795.99023438,472.52999878
2026-03-10,69891.82385769,6781.47998047,477.85998535
2026-03-11,70298.57535301,6775.79980469,476.23999023
2026-03-12,70538.10746230,6672.62011719,466.88000488
2026-03-13,70930.01327937,6632.18994141,460.83999634
2026-03-14,71136.21791993,,
2026-03-15,72712.14619579,,
2026-03-16,74723.95755348,6699.37988281,460.42999268
2026-03-17,74086.01360959,6716.08984375,459.26998901
2026-03-18,71253.95792753,6624.70019531,444.73999023
2026-03-19,69948.90482671,6606.49023438,426.41000366
2026-03-20,70510.41967972,6506.47998047,413.38000488
2026-03-21,69707.28500906,,
2026-03-22,68018.15348159,,
2026-03-23,70726.21104617,6581.00000000,404.04000854
2026-03-24,70610.01871216,6556.37011719,404.13000488
2026-03-25,71281.29739217,6591.89990234,416.29000854
2026-03-26,68722.97183665,6477.16015625,400.64001465
2026-03-27,66214.17151344,6368.85009766,414.70001221
2026-03-28,66351.07252513,,
2026-03-29,65966.75239392,,
2026-03-30,66651.23200380,6343.72021484,414.57998657
2026-03-31,68214.86803887,6528.52001953,430.29000854
2026-04-01,68116.81679340,6575.31982422,437.82000732
2026-04-02,66908.31799182,6582.68994141,429.41000366
2026-04-03,66891.74222794,,
2026-04-04,67295.13091379,,
2026-04-05,68921.80609117,,
2026-04-06,68742.91330859,6611.83007812,427.64999390
2026-04-07,72057.12436148,6616.85009766,431.80999756
2026-04-08,71085.05837025,6782.81005859,434.52999878
2026-04-09,71788.67978258,6824.66015625,437.91000366
2026-04-10,72945.07072414,6816.89013672,437.13000488
2026-04-11,73119.10911689,,
2026-04-12,70685.36970193,,
2026-04-13,74632.74558562,6886.24023438,435.35998535
2026-04-14,74173.50836032,6967.37988281,445.08999634
2026-04-15,74761.96465459,7022.95019531,440.45999146
2026-04-16,75095.74421596,7041.27978516,440.07998657
2026-04-17,77114.48143805,7126.06005859,445.92999268
2026-04-18,75792.06375102,,
2026-04-19,73905.20410169,,
2026-04-20,75814.14532379,7109.14013672,442.08999634
2026-04-21,76107.44329778,7064.00976562,429.57000732
2026-04-22,78317.74227206,7137.89990234,435.26000977
2026-04-23,78233.68374927,7108.39990234,431.04000854
2026-04-24,77444.26927703,7165.08007812,433.25000000
2026-04-25,77624.71148217,,
2026-04-26,78538.77335739,,
2026-04-27,77256.29715985,7173.91015625,429.89001465
2026-04-28,76295.53111718,7138.79980469,421.91000366
2026-04-29,75795.00985301,7135.95019531,417.41000366
2026-04-30,76299.61612858,7209.00976562,423.66000366
2026-05-01,78132.64378521,7230.12011719,423.17999268
2026-05-02,78712.53873174,,
2026-05-03,78649.17328930,,
2026-05-04,79826.10781707,7200.75000000,414.70999146
2026-05-05,80936.75482525,7259.22021484,418.26998901
2026-05-06,81364.62012858,7365.12011719,430.95999146
2026-05-07,79988.99873437,7337.10986328,431.67999268
2026-05-08,80179.69229573,7398.93017578,433.76998901
2026-05-09,80663.62965196,,
2026-05-10,82256.78113793,,
2026-05-11,81714.74204997,7412.83984375,434.64999390
2026-05-12,80525.56302455,7400.95996094,432.92999268
2026-05-13,79291.91100175,7444.25000000,430.50000000
2026-05-14,81175.82711163,7501.24023438,427.20999146
2026-05-15,79063.41457569,7408.50000000,417.29000854
2026-05-16,78164.49527119,,
2026-05-17,77497.69711338,,
2026-05-18,76975.91119988,7403.04980469,418.42999268
2026-05-19,76807.46095617,7353.60986328,411.50000000
2026-05-20,77408.17220894,7432.97021484,417.39999390
2026-05-21,77595.38617174,7445.72021484,416.98999023
2026-05-22,75567.54304311,7473.47021484,413.82000732
2026-05-23,76619.86660904,,
2026-05-24,76950.98963164,,
2026-05-25,77244.57228968,,
2026-05-26,75816.04127970,7519.12011719,414.00000000
2026-05-27,74268.77564190,7520.35986328,408.48999023
2026-05-28,73500.53053389,7563.62988281,412.76998901
2026-05-29,73322.89514068,7580.06005859,417.11999512
2026-05-30,73731.48113374,,
2026-05-31,73599.56074132,,
2026-06-01,71328.73121730,7599.95996094,411.26000977
2026-06-02,66540.69267858,7609.77978516,411.95001221
2026-06-03,64232.58027011,7553.68017578,407.86999512
2026-06-04,63639.25046968,7584.31005859,411.26998901
2026-06-05,60907.60555369,7383.74023438,396.23999023
2026-06-06,60771.61131432,,
2026-06-07,63158.25397737,,
2026-06-08,63109.61669757,7405.72998047,397.26998901
2026-06-09,61640.46020247,7386.64990234,390.77999878
2026-06-10,61435.07734084,7266.99023438,374.57998657
2026-06-11,63475.31915930,7394.29980469,386.32000732
2026-06-12,63475.63761397,7431.45996094,386.54000854
2026-06-13,64423.54454333,,
2026-06-14,65615.32661075,,
2026-06-15,66222.58663096,7554.29003906,396.54998779
2026-06-16,65638.14468849,7511.35009766,397.63000488
2026-06-17,64400.72512624,7420.10009766,388.60000610
2026-06-18,62835.22248276,7500.58007812,387.11999512
2026-06-19,63307.27840123,,
2026-06-20,64220.53639334,,
2026-06-21,63365.43689509,,
2026-06-22,63923.57486937,7472.79003906,384.58999634
2026-06-23,62593.34893045,7365.45996094,377.32000732
2026-06-24,60908.18777294,7358.22021484,365.92001343
2026-06-25,59863.42115371,7357.49023438,369.45999146
2026-06-26,59961.51137551,7354.02001953,373.63000488
2026-06-27,59955.56602016,,
2026-06-28,59516.67365313,,
2026-06-29,60175.46056312,7440.43017578,368.57998657
2026-06-30,58525.07536148,7499.35986328,368.38000488
2026-07-01,60065.59991058,7483.22998047,370.60000610
2026-07-02,61438.18941146,7483.24023438,378.13000488
2026-07-03,62564.61413209,,
2026-07-04,63090.40926885,,
2026-07-05,63619.88104150,,
2026-07-06,64063.06125833,7537.43017578,382.13000488
2026-07-07,63458.12051432,7503.85009766,377.48999023
2026-07-08,62214.04245120,7482.70996094,374.45001221
2026-07-09,63189.38643074,7543.64013672,378.17999268
2026-07-10,64118.62009497,7575.39013672,377.01000977
2026-07-11,63892.70868995,,
2026-07-12,63752.27165693,,
2026-07-13,62126.53237230,7515.33984375,367.13000488
2026-07-14,64934.44260345,7543.58984375,372.14999390
2026-07-15,64765.05532116,7572.39990234,372.35000610
2026-07-16,63780.14174342,7533.77001953,364.95999146
2026-07-17,63915.91814962,7457.68994141,368.41000366
2026-07-18,64777.66174810,,
2026-07-19,64653.04974576,,
2026-07-20,65181.92415488,7443.27978516,367.60000610
2026-07-21,66403.09646493,7509.20019531,374.80999756
2026-07-22,65983.18604851,7498.95996094,379.11999512
2026-07-23,65094.41039100,7408.29980469,371.51998901
2026-07-24,64100.11403273,7411.97998047,371.89999390
2026-07-25,64331.32745967,,
2026-07-26,65328.78912186,,
2026-07-27,63718.24370251,7413.18017578,374.63000488
2026-07-28,63728.45019871,7428.77978516,369.36999512
2026-07-29,63904.64449912,7316.14990234,371.07998657
2026-07-30,64827.57016598,7437.62988281,377.16000366
2026-07-31,62875.17893337,7489.72021484,371.54000854
2026-08-01,62751.87914874,,
2026-08-02,63445.68296581,,
2026-08-03,63460.04811163,7600.50000000,371.70999146
2026-08-04,64161.47088019,7736.52001953,374.16000366
2026-08-05,64610.30744302,7723.54980469,389.64001465
2026-08-06,64212.26731619,7709.95996094,389.67001343
2026-08-07,64869.16839860,7757.64013672,398.47000122
2026-08-08,64906.95681677,,
2026-08-09,64864.92728930,,
